Date,Month,Symbol,Open,High,Low,Close,Volume
1/4/21,Jan,BTCUSD,33617.30,33669.00,27632.34,31203.46,4603.92
1/5/21,Jan,BTCUSD,31203.46,34536.29,29914.50,34228.19,3056.56
1/6/21,Jan,BTCUSD,34228.19,37824.48,33685.82,37613.11,4925.00
1/7/21,Jan,BTCUSD,37613.11,40396.00,36129.05,38474.78,5743.52
1/8/21,Jan,BTCUSD,38474.78,41999.99,37574.79,40279.03,5661.85
1/9/21,Jan,BTCUSD,40279.03,41470.21,38768.82,40490.50,2678.95
1/10/21,Jan,BTCUSD,40490.50,41196.62,33100.00,35435.13,5913.67
1/11/21,Jan,BTCUSD,35435.13,36323.25,30250.00,35000.00,12556.01
1/12/21,Jan,BTCUSD,35000.00,36651.34,32178.29,33804.23,5245.77
1/13/21,Jan,BTCUSD,33804.23,38188.33,32800.00,37040.70,4049.91
1/14/21,Jan,BTCUSD,37040.70,40112.79,36751.40,38706.52,2686.51
1/15/21,Jan,BTCUSD,38706.52,38849.96,34353.63,36549.31,4503.99
1/16/21,Jan,BTCUSD,36549.31,37949.71,35400.01,36215.22,1855.53
1/17/21,Jan,BTCUSD,36215.22,36840.11,33868.96,35089.93,1759.94
1/18/21,Jan,BTCUSD,35089.93,37469.21,34778.00,36509.42,2083.84
1/19/21,Jan,BTCUSD,36509.42,37934.20,35005.00,35075.53,2726.29
1/20/21,Jan,BTCUSD,35075.53,35964.95,33400.00,34603.74,2900.01
1/21/21,Jan,BTCUSD,34603.74,35000.00,28800.00,30943.32,7290.52
1/22/21,Jan,BTCUSD,30943.32,33880.00,30473.87,32393.63,2869.23
1/23/21,Jan,BTCUSD,32393.63,33479.49,31444.00,32500.00,942.00
1/24/21,Jan,BTCUSD,32500.00,33672.18,30958.00,33585.44,1668.48
1/25/21,Jan,BTCUSD,33585.44,34885.56,31481.38,31557.64,2502.78
1/26/21,Jan,BTCUSD,31557.64,32951.00,30833.97,31852.60,2542.86
1/27/21,Jan,BTCUSD,31852.60,32059.73,29191.90,31514.54,5779.14
1/28/21,Jan,BTCUSD,31514.54,34671.77,30866.39,33864.01,4614.55
1/29/21,Jan,BTCUSD,33864.01,38665.71,31968.27,33289.13,7733.43
1/30/21,Jan,BTCUSD,33289.13,34805.65,33153.17,33949.79,1379.03
1/31/21,Jan,BTCUSD,33949.79,34205.00,32200.00,33608.78,1153.46
2/1/21,Feb,BTCUSD,33608.78,34700.00,33106.09,33589.89,2134.59
2/2/21,Feb,BTCUSD,33589.89,36545.05,33535.61,36467.28,2328.35
2/3/21,Feb,BTCUSD,36467.28,38375.00,35583.18,37551.56,2559.71
2/4/21,Feb,BTCUSD,37551.56,38785.99,36211.08,37380.18,2637.09
2/5/21,Feb,BTCUSD,37380.18,39700.00,37057.78,39415.76,2032.78
2/6/21,Feb,BTCUSD,39415.76,41000.00,38368.69,38897.95,2002.11
2/7/21,Feb,BTCUSD,38897.95,39748.96,37400.00,38107.34,1239.87
2/8/21,Feb,BTCUSD,38107.34,47519.31,38060.68,46653.50,5944.37
2/9/21,Feb,BTCUSD,46653.50,48201.23,45037.80,46309.88,2992.16
2/10/21,Feb,BTCUSD,46309.88,47367.17,43762.99,45513.94,2479.69
2/11/21,Feb,BTCUSD,45513.94,48975.00,44457.55,47624.29,2589.00
2/12/21,Feb,BTCUSD,47624.29,48246.60,46289.93,47938.87,2413.87
2/13/21,Feb,BTCUSD,47938.87,48027.30,46290.25,47381.80,1252.44
2/14/21,Feb,BTCUSD,47381.80,49700.00,45830.01,47185.29,2174.90
2/15/21,Feb,BTCUSD,47185.29,49600.00,46334.68,49587.20,1736.03
2/16/21,Feb,BTCUSD,49587.20,50602.34,47818.86,49649.93,2776.27
2/17/21,Feb,BTCUSD,49649.93,52668.45,49164.23,52068.01,2858.20
2/18/21,Feb,BTCUSD,52068.01,52344.00,50500.00,51241.23,2002.60
2/19/21,Feb,BTCUSD,51241.23,56605.60,50906.00,55761.10,3143.93
2/20/21,Feb,BTCUSD,55761.10,57500.00,54000.00,56541.20,1349.19
2/21/21,Feb,BTCUSD,56541.20,58481.60,55800.00,55914.43,1454.90
2/22/21,Feb,BTCUSD,55914.43,56651.47,47000.00,51847.25,5371.31
2/23/21,Feb,BTCUSD,51847.25,52294.87,44248.00,50965.74,6641.90
2/24/21,Feb,BTCUSD,50965.74,51442.01,48113.83,50266.89,2798.46
2/25/21,Feb,BTCUSD,50266.89,52074.00,46000.00,47360.43,3900.71
2/26/21,Feb,BTCUSD,47360.43,48472.08,44121.24,47440.00,3297.57
2/27/21,Feb,BTCUSD,47440.00,48380.14,44510.00,44673.36,1191.06
2/28/21,Feb,BTCUSD,44673.36,46920.00,43033.66,46408.05,2188.54
3/1/21,Mar,BTCUSD,46408.05,,45700.01,49023.76,3079.22
3/2/21,Mar,BTCUSD,49023.76,49757.22,47076.52,48749.78,1887.71
3/3/21,Mar,BTCUSD,48749.78,52737.20,48697.28,49597.23,2756.27
3/4/21,Mar,BTCUSD,49597.23,50754.39,46297.47,47339.92,2507.35
3/5/21,Mar,BTCUSD,47339.92,49455.61,46443.16,48648.76,1774.93
3/6/21,Mar,BTCUSD,48648.76,49915.73,47096.87,49610.32,1027.29
3/7/21,Mar,BTCUSD,49610.32,51832.15,49135.73,50591.21,1157.04
3/8/21,Mar,BTCUSD,50591.21,54126.00,49300.01,53931.34,1880.72
3/9/21,Mar,BTCUSD,53931.34,55847.68,53140.76,53466.19,1933.15
3/10/21,Mar,BTCUSD,53466.19,57400.00,53049.00,55971.68,2062.29
3/11/21,Mar,BTCUSD,55971.68,58120.00,54281.74,57111.63,1776.09
3/12/21,Mar,BTCUSD,57111.63,57959.22,55050.00,56705.84,1595.58
3/13/21,Mar,BTCUSD,56705.84,61785.00,56284.51,61354.75,2135.31
3/14/21,Mar,BTCUSD,61354.75,61500.82,58750.00,60362.18,1286.15
3/15/21,Mar,BTCUSD,60362.18,60561.59,53238.69,54255.04,3453.09
3/16/21,Mar,BTCUSD,54255.04,57185.78,53589.00,55548.73,1350.97
3/17/21,Mar,BTCUSD,55548.73,59567.59,54144.95,58687.36,1950.94
3/18/21,Mar,BTCUSD,58687.36,60099.99,56239.55,57793.71,1594.38
3/19/21,Mar,BTCUSD,57793.71,59448.39,57507.61,58428.90,1014.17
3/20/21,Mar,BTCUSD,58428.90,59880.00,57469.36,57833.32,774.22
3/21/21,Mar,BTCUSD,57833.32,58164.58,55500.00,57551.47,781.35
3/22/21,Mar,BTCUSD,57551.47,58445.36,53733.67,54710.81,1771.20
3/23/21,Mar,BTCUSD,54710.81,55903.62,53000.00,54375.12,1916.14
3/24/21,Mar,BTCUSD,54375.12,57245.00,51533.89,52152.85,2556.02
3/25/21,Mar,BTCUSD,52152.85,53234.52,50387.01,52450.80,1736.99
3/26/21,Mar,BTCUSD,52450.80,55627.21,52205.36,54804.02,1655.31
3/27/21,Mar,BTCUSD,54804.02,56624.33,53990.00,56094.03,730.37
3/28/21,Mar,BTCUSD,56094.03,56576.23,54711.01,55351.00,453.44
3/29/21,Mar,BTCUSD,55351.00,58430.77,54889.09,57155.81,2020.26
3/30/21,Mar,BTCUSD,57155.81,59385.00,57024.40,58621.67,933.97
3/31/21,Mar,BTCUSD,58621.67,59800.00,56880.00,59143.58,1679.55
4/1/21,Apr,BTCUSD,59143.58,60100.00,57946.28,59800.00,1221.00
4/2/21,Apr,BTCUSD,59800.00,59950.00,58485.68,59251.04,760.64
4/3/21,Apr,BTCUSD,59251.04,59851.52,56500.00,57557.71,834.45
4/4/21,Apr,BTCUSD,57557.71,58500.94,57042.53,57479.64,288.30
4/5/21,Apr,BTCUSD,57479.64,59468.95,56810.28,58638.14,845.18
4/6/21,Apr,BTCUSD,58638.14,59028.19,57255.00,57934.16,1173.72
4/7/21,Apr,BTCUSD,57934.16,58675.79,55450.00,56559.59,1994.91
4/8/21,Apr,BTCUSD,56559.59,58400.00,56370.70,58014.19,762.92
4/9/21,Apr,BTCUSD,58014.19,59170.00,57689.72,59160.00,930.34
4/10/21,Apr,BTCUSD,59160.00,61180.00,58316.33,60240.83,1344.77
4/11/21,Apr,BTCUSD,60240.83,60416.42,59200.00,60325.66,644.47
4/12/21,Apr,BTCUSD,60325.66,61197.09,59400.01,60415.91,1343.29
4/13/21,Apr,BTCUSD,60415.91,63880.00,60321.12,63773.18,2091.43
4/14/21,Apr,BTCUSD,63773.18,64900.00,61303.97,63063.72,2922.03
4/15/21,Apr,BTCUSD,63063.72,63855.12,62045.00,62998.68,1328.55
4/16/21,Apr,BTCUSD,62998.68,62998.68,60055.14,62450.00,2319.60
4/17/21,Apr,BTCUSD,62450.00,62545.78,50622.32,55992.97,2586.09
4/18/21,Apr,BTCUSD,55992.97,57404.04,53176.36,57175.61,3720.30
4/19/21,Apr,BTCUSD,57175.61,57624.66,53606.41,54586.65,2832.89
4/20/21,Apr,BTCUSD,54586.65,57145.34,53416.76,55255.57,2353.91
4/21/21,Apr,BTCUSD,55255.57,56373.00,52600.00,53508.08,2243.11
4/22/21,Apr,BTCUSD,53508.08,55499.99,48565.58,50329.66,4415.70
4/23/21,Apr,BTCUSD,50329.66,51380.03,47231.00,50195.42,3250.51
4/24/21,Apr,BTCUSD,50195.42,51150.01,48755.01,49721.97,943.26
4/25/21,Apr,BTCUSD,49721.97,52567.77,47000.00,52435.90,2662.93
4/26/21,Apr,BTCUSD,52435.90,54419.57,52096.87,53531.94,1804.88
4/27/21,Apr,BTCUSD,53531.94,55800.00,53345.62,54883.25,1508.58
4/28/21,Apr,BTCUSD,54883.25,56474.72,53861.12,54312.41,1628.45
4/29/21,Apr,BTCUSD,54312.41,54755.36,52389.42,53750.01,1561.01
4/30/21,Apr,BTCUSD,53750.01,58553.71,53750.01,58272.25,1869.51
5/1/21,May,BTCUSD,58272.25,300000.00,56408.62,56547.40,538.94
5/2/21,May,BTCUSD,56547.40,58293.35,56104.40,57970.74,653.63
5/3/21,May,BTCUSD,57970.74,58988.52,54654.65,55511.37,2363.15
5/4/21,May,BTCUSD,55511.37,56659.50,52947.09,54832.20,2880.08
5/5/21,May,BTCUSD,54832.20,57974.07,53158.68,56900.44,2430.66
5/6/21,May,BTCUSD,56900.44,58465.93,55200.00,55762.28,1494.90
5/7/21,May,BTCUSD,55762.28,58750.00,55292.22,58187.76,1591.20
5/8/21,May,BTCUSD,58187.76,59560.00,57583.09,58545.16,1692.08
5/9/21,May,BTCUSD,58545.16,59481.34,56275.13,59407.78,1710.38
5/10/21,May,BTCUSD,59407.78,59584.99,53434.31,55194.75,2583.42
5/11/21,May,BTCUSD,55194.75,57898.00,54684.00,57820.00,1432.56
5/12/21,May,BTCUSD,57820.00,57998.26,45000.00,50493.11,6438.29
5/13/21,May,BTCUSD,50493.11,51389.95,46962.39,49221.07,4250.47
5/14/21,May,BTCUSD,49221.07,51575.16,48894.79,49670.85,2001.31
5/15/21,May,BTCUSD,49670.85,49900.00,46500.00,48383.60,1938.26
5/16/21,May,BTCUSD,48383.60,49790.00,42793.00,42902.09,3937.04
5/17/21,May,BTCUSD,42902.09,45833.48,42080.00,44824.75,5764.37
5/18/21,May,BTCUSD,44824.75,45860.17,40118.00,40570.98,4778.04
5/19/21,May,BTCUSD,40570.98,40867.40,28700.00,38411.14,18000.98
5/20/21,May,BTCUSD,38411.14,42625.43,38200.00,40773.52,4981.39
5/21/21,May,BTCUSD,40773.52,41796.74,33500.00,36963.52,7491.23
5/22/21,May,BTCUSD,36963.52,38861.15,35272.09,37484.18,2418.86
5/23/21,May,BTCUSD,37484.18,37484.18,31104.14,35318.86,7143.10
5/24/21,May,BTCUSD,35318.86,39953.65,34426.41,38388.09,4706.08
5/25/21,May,BTCUSD,38388.09,39760.96,36489.42,39572.33,2909.35
5/26/21,May,BTCUSD,39572.33,40861.20,37117.09,37672.47,3101.07
5/27/21,May,BTCUSD,37672.47,40432.40,37302.06,38271.59,2140.75
5/28/21,May,BTCUSD,38271.59,38271.59,34558.00,36503.31,3541.35
5/29/21,May,BTCUSD,36503.31,37320.00,33410.29,34805.29,2212.16
5/30/21,May,BTCUSD,34805.29,36523.24,34298.01,34536.71,1562.38
5/31/21,May,BTCUSD,34536.71,37912.87,34200.00,36702.88,1649.40
6/1/21,Jun,BTCUSD,36702.88,37448.02,35687.00,36483.57,2347.26
6/2/21,Jun,BTCUSD,36483.57,38256.40,36478.97,37655.54,1612.75
6/3/21,Jun,BTCUSD,37655.54,39487.91,37400.00,37963.61,1786.28
6/4/21,Jun,BTCUSD,37963.61,37963.61,35580.82,37419.82,2300.76
6/5/21,Jun,BTCUSD,37419.82,37918.57,34820.00,36025.16,2454.43
6/6/21,Jun,BTCUSD,36025.16,36812.09,35259.98,36397.50,1007.72
6/7/21,Jun,BTCUSD,36397.50,36798.03,32400.01,32843.15,3518.60
6/8/21,Jun,BTCUSD,32843.15,33841.46,31000.01,32898.06,5149.19
6/9/21,Jun,BTCUSD,32898.06,37676.60,32575.84,36982.83,4190.37
6/10/21,Jun,BTCUSD,36982.83,38437.02,35819.67,36784.37,2959.52
6/11/21,Jun,BTCUSD,36784.37,37690.00,35307.69,35591.29,2027.80
6/12/21,Jun,BTCUSD,35591.29,36222.80,34655.99,34877.30,1298.16
6/13/21,Jun,BTCUSD,34877.30,39816.72,34792.66,38988.50,2406.83
6/14/21,Jun,BTCUSD,38988.50,41060.77,38807.50,40429.38,2719.45
6/15/21,Jun,BTCUSD,40429.38,41380.02,39503.90,40043.69,2687.61
6/16/21,Jun,BTCUSD,40043.69,40490.02,38059.01,38875.00,2783.60
6/17/21,Jun,BTCUSD,38875.00,39575.03,37221.62,37938.20,2524.23
6/18/21,Jun,BTCUSD,37938.20,38129.09,34845.33,35129.23,2958.68
6/19/21,Jun,BTCUSD,35129.23,36464.63,34970.25,35520.66,1611.01
6/20/21,Jun,BTCUSD,35520.66,36128.13,33333.01,34629.88,2816.74
6/21/21,Jun,BTCUSD,34629.88,34702.68,31176.42,33029.77,7153.94
6/22/21,Jun,BTCUSD,33029.77,34392.05,28801.00,33992.88,10036.63
6/23/21,Jun,BTCUSD,33992.88,34851.20,32355.04,32606.96,3413.98
6/24/21,Jun,BTCUSD,32606.96,35274.90,32315.01,35100.00,2257.34
6/25/21,Jun,BTCUSD,35100.00,35100.00,31303.71,31983.86,3682.14
6/26/21,Jun,BTCUSD,31983.86,33209.59,30142.68,33149.18,3583.91
6/27/21,Jun,BTCUSD,33149.18,34983.42,32374.05,34388.62,2229.39
6/28/21,Jun,BTCUSD,34388.62,35286.03,33885.15,34591.62,2923.54
6/29/21,Jun,BTCUSD,34591.62,36661.80,34556.07,35095.44,3012.66
6/30/21,Jun,BTCUSD,35095.44,35333.25,34050.00,34132.04,2031.63
7/1/21,Jul,BTCUSD,34132.04,34475.55,32722.69,32933.44,2240.46
7/2/21,Jul,BTCUSD,32933.44,33926.45,32700.00,33540.48,1321.23
7/3/21,Jul,BTCUSD,33540.48,34942.56,33466.62,34670.00,647.93
7/4/21,Jul,BTCUSD,34670.00,35985.71,34211.29,34360.84,1073.60
7/5/21,Jul,BTCUSD,34360.84,34559.72,33100.00,33942.22,1323.66
7/6/21,Jul,BTCUSD,33942.22,35114.32,33530.40,34465.35,2039.50
7/7/21,Jul,BTCUSD,34465.35,35098.28,33094.64,33337.00,1485.76
7/8/21,Jul,BTCUSD,33337.00,33493.24,32101.00,32954.75,2063.01
7/9/21,Jul,BTCUSD,32954.75,34262.53,32625.74,33799.81,1273.26
7/10/21,Jul,BTCUSD,33799.81,34195.26,33046.00,33420.84,803.55
7/11/21,Jul,BTCUSD,33420.84,34602.00,33333.01,34452.39,816.86
7/12/21,Jul,BTCUSD,34452.39,34670.21,32669.89,33087.26,1322.29
7/13/21,Jul,BTCUSD,33087.26,33334.71,31661.01,31853.69,1282.07
7/14/21,Jul,BTCUSD,31853.69,33189.99,31601.59,32671.54,1083.12
7/15/21,Jul,BTCUSD,32671.54,32691.72,31135.00,31924.93,1534.41
7/16/21,Jul,BTCUSD,31924.93,32252.21,31027.01,31313.83,1355.02
7/17/21,Jul,BTCUSD,31313.83,32437.07,31206.23,32169.82,765.31
7/18/21,Jul,BTCUSD,32169.82,32200.55,31123.00,31547.22,572.89
7/19/21,Jul,BTCUSD,31547.22,31890.59,29500.00,29605.35,2184.44
7/20/21,Jul,BTCUSD,29605.35,30005.72,29284.35,29853.86,2075.28
7/21/21,Jul,BTCUSD,29853.86,32950.00,29853.86,31947.52,3023.28
7/22/21,Jul,BTCUSD,31947.52,32806.46,31732.34,32598.43,1223.10
7/23/21,Jul,BTCUSD,32598.43,33800.00,32000.00,33689.58,1319.58
7/24/21,Jul,BTCUSD,33689.58,34525.50,33582.40,34192.14,785.46
7/25/21,Jul,BTCUSD,34192.14,39782.93,33894.22,38312.57,3558.08
7/26/21,Jul,BTCUSD,38312.57,40572.45,36400.00,36851.52,5021.11
7/27/21,Jul,BTCUSD,36851.52,40366.57,36713.13,39848.44,5729.11
7/28/21,Jul,BTCUSD,39848.44,40928.46,38803.47,39638.77,3682.36
7/29/21,Jul,BTCUSD,39638.77,40639.14,39409.40,39982.79,1561.72
7/30/21,Jul,BTCUSD,39982.79,42400.00,38350.00,41840.36,2600.84
7/31/21,Jul,BTCUSD,41840.36,42600.00,41072.59,42461.13,687.36
8/1/21,Aug,BTCUSD,42461.13,42475.28,39213.05,39811.54,1237.92
8/2/21,Aug,BTCUSD,39811.54,40446.58,38515.00,38650.00,1815.10
8/3/21,Aug,BTCUSD,38650.00,38824.81,37558.09,37962.25,2750.52
8/4/21,Aug,BTCUSD,37962.25,39973.96,37472.15,39440.62,1911.35
8/5/21,Aug,BTCUSD,39440.62,41431.18,37311.06,40250.79,3715.50
8/6/21,Aug,BTCUSD,40250.79,43792.42,39897.39,43720.00,2238.33
8/7/21,Aug,BTCUSD,43720.00,44837.59,42460.00,44391.34,3336.16
8/8/21,Aug,BTCUSD,44391.34,45386.81,42813.74,43529.34,2023.49
8/9/21,Aug,BTCUSD,43529.34,46729.86,43295.22,45727.39,3092.30
8/10/21,Aug,BTCUSD,45727.39,46183.47,44642.21,45594.16,1768.99
8/11/21,Aug,BTCUSD,45594.16,46775.00,45426.58,45948.06,1565.84
8/12/21,Aug,BTCUSD,45948.06,46023.08,43800.00,45205.46,1840.77
8/13/21,Aug,BTCUSD,45205.46,47900.00,44952.59,47571.64,1609.57
8/14/21,Aug,BTCUSD,47571.64,48181.51,46045.86,46910.99,1112.09
8/15/21,Aug,BTCUSD,46910.99,48044.25,45509.51,47400.89,1360.76
8/16/21,Aug,BTCUSD,47400.89,47744.50,45250.51,46435.44,1687.08
8/17/21,Aug,BTCUSD,46435.44,47162.94,44211.13,45078.79,2149.38
8/18/21,Aug,BTCUSD,45078.79,46031.00,44055.00,44074.77,1324.73
8/19/21,Aug,BTCUSD,44074.77,47424.13,43902.53,47042.28,1566.00
8/20/21,Aug,BTCUSD,47042.28,49400.00,46714.57,48839.62,1328.32
8/21/21,Aug,BTCUSD,48839.62,49812.54,48281.42,48837.62,1213.11
8/22/21,Aug,BTCUSD,48837.62,50540.19,48071.03,50289.05,974.81
8/23/21,Aug,BTCUSD,50289.05,50517.99,48800.00,49350.00,1051.66
8/24/21,Aug,BTCUSD,49350.00,49867.71,47614.30,47995.78,1369.87
8/25/21,Aug,BTCUSD,47995.78,49365.42,47112.12,47931.00,1666.41
8/26/21,Aug,BTCUSD,47931.00,48053.14,46287.63,46845.94,2205.00
8/27/21,Aug,BTCUSD,46845.94,49313.26,46603.36,48900.01,1383.21
8/28/21,Aug,BTCUSD,48900.01,49650.00,48107.99,48267.19,544.26
8/29/21,Aug,BTCUSD,48267.19,49408.07,47800.00,47989.58,446.77
8/30/21,Aug,BTCUSD,47989.58,48735.71,46717.24,47151.91,933.28
8/31/21,Aug,BTCUSD,47151.91,48261.59,46524.71,47052.84,1019.19
9/1/21,Sep,BTCUSD,47052.84,49935.09,46980.44,49596.74,1105.14
9/2/21,Sep,BTCUSD,49596.74,50412.00,48358.88,49485.00,885.44
9/3/21,Sep,BTCUSD,49485.00,51046.11,49241.34,50292.02,1114.40
9/4/21,Sep,BTCUSD,50292.02,50545.41,49414.36,49692.22,1167.15
9/5/21,Sep,BTCUSD,49692.22,51962.68,49505.43,51638.18,1231.14
9/6/21,Sep,BTCUSD,51638.18,52938.78,51003.37,52663.45,1408.74
9/7/21,Sep,BTCUSD,52663.45,52744.48,42600.00,46490.38,4513.57
9/8/21,Sep,BTCUSD,46490.38,46885.38,44419.50,46005.27,2277.31
9/9/21,Sep,BTCUSD,46005.27,47396.38,45651.86,46743.40,1563.22
9/10/21,Sep,BTCUSD,46743.40,46812.87,44156.88,45181.52,1783.43
9/11/21,Sep,BTCUSD,45181.52,46001.33,44758.59,45311.46,685.32
9/12/21,Sep,BTCUSD,45311.46,46504.62,44535.26,44619.12,893.38
9/13/21,Sep,BTCUSD,44619.12,46897.00,43400.00,45206.43,2422.25
9/14/21,Sep,BTCUSD,45206.43,47498.54,45067.51,47101.27,1516.06
9/15/21,Sep,BTCUSD,47101.27,48455.16,46730.15,47629.10,1276.62
9/16/21,Sep,BTCUSD,47629.10,48500.00,47041.24,47907.00,1069.57
9/17/21,Sep,BTCUSD,47907.00,48165.96,46754.93,47962.79,1247.38
9/18/21,Sep,BTCUSD,47962.79,48808.97,47613.93,47854.23,671.36
9/19/21,Sep,BTCUSD,47854.23,48333.32,45175.20,45553.62,860.71
9/20/21,Sep,BTCUSD,45553.62,45837.90,40137.98,42688.03,4373.38
9/21/21,Sep,BTCUSD,42688.03,43655.53,39590.00,42089.88,2962.61
9/22/21,Sep,BTCUSD,42089.88,44231.92,41836.59,44094.55,1238.61
9/23/21,Sep,BTCUSD,44094.55,45062.97,43389.94,44301.00,1699.82
9/24/21,Sep,BTCUSD,44301.00,45157.81,40696.00,42650.00,4398.27
9/25/21,Sep,BTCUSD,42650.00,42985.06,41677.82,42239.94,1058.07
9/26/21,Sep,BTCUSD,42239.94,44350.00,40801.19,44024.27,1395.68
9/27/21,Sep,BTCUSD,44024.27,44250.76,41980.40,42565.16,1531.06
9/28/21,Sep,BTCUSD,42565.16,42771.12,40764.26,42210.47,2104.50
9/29/21,Sep,BTCUSD,42210.47,43726.63,40908.41,43601.20,1511.58
9/30/21,Sep,BTCUSD,43601.20,44097.70,42702.71,43628.16,1891.52
10/1/21,Oct,BTCUSD,43628.16,48495.68,43472.59,47555.51,3254.02
10/2/21,Oct,BTCUSD,47555.51,48346.70,47144.00,47899.79,761.86
10/3/21,Oct,BTCUSD,47899.79,49259.30,47372.35,47509.65,864.80
10/4/21,Oct,BTCUSD,47509.65,49789.33,46926.68,49320.94,1755.41
10/5/21,Oct,BTCUSD,49320.94,51927.83,49108.30,51561.60,1691.52
10/6/21,Oct,BTCUSD,51561.60,55800.00,50410.00,54838.90,3288.23
10/7/21,Oct,BTCUSD,54838.90,55231.53,53366.00,53826.69,1338.83
10/8/21,Oct,BTCUSD,53826.69,56150.58,53655.00,54588.00,1485.78
10/9/21,Oct,BTCUSD,54588.00,55486.87,54115.27,55043.76,707.72
10/10/21,Oct,BTCUSD,55043.76,56759.01,54376.52,56520.58,1166.24
10/11/21,Oct,BTCUSD,56520.58,58000.00,55838.77,56710.00,1027.91
10/12/21,Oct,BTCUSD,56710.00,57688.88,53911.79,56289.06,1713.92
10/13/21,Oct,BTCUSD,56289.06,58500.02,54250.00,58073.82,1574.70
10/14/21,Oct,BTCUSD,58073.82,59450.00,56807.96,59407.55,1166.89
10/15/21,Oct,BTCUSD,59407.55,62898.00,58768.79,61624.84,3069.46
10/16/21,Oct,BTCUSD,61624.84,62366.08,60174.14,61144.42,864.57
10/17/21,Oct,BTCUSD,61144.42,62552.73,58937.03,62100.00,929.51
10/18/21,Oct,BTCUSD,62100.00,62973.38,59926.13,62600.00,2631.53
10/19/21,Oct,BTCUSD,62600.00,64498.12,61312.00,63870.20,1914.15
10/20/21,Oct,BTCUSD,63870.20,66994.72,63540.51,65077.99,2836.59
10/21/21,Oct,BTCUSD,65077.99,66643.14,61418.02,63243.40,2908.73
10/22/21,Oct,BTCUSD,63243.40,63745.62,60000.00,61234.90,1652.99
10/23/21,Oct,BTCUSD,61234.90,61743.51,59648.91,61226.00,543.68
10/24/21,Oct,BTCUSD,61226.00,62223.14,59505.00,62091.93,848.70
10/25/21,Oct,BTCUSD,62091.93,63703.30,61822.81,62765.47,1477.09
10/26/21,Oct,BTCUSD,62765.47,63102.80,59850.00,60728.00,1278.71
10/27/21,Oct,BTCUSD,60728.00,61500.00,58100.00,58884.70,1865.12
10/28/21,Oct,BTCUSD,58884.70,62508.87,57500.00,61706.36,2789.79
10/29/21,Oct,BTCUSD,61706.36,62978.00,60367.00,61669.43,1737.13
10/30/21,Oct,BTCUSD,61669.43,62487.97,60696.52,61719.10,1116.81
10/31/21,Oct,BTCUSD,61719.10,61768.00,59731.57,59947.01,975.65
11/1/21,Nov,BTCUSD,59947.01,62490.00,59490.18,61133.24,1488.56
11/2/21,Nov,BTCUSD,61133.24,64319.00,61124.50,63257.57,1791.90
11/3/21,Nov,BTCUSD,63257.57,63547.54,60110.00,62469.83,1448.49
11/4/21,Nov,BTCUSD,62469.83,62858.83,60724.16,62249.60,1036.53
11/5/21,Nov,BTCUSD,62249.60,64000.00,60777.30,61172.03,1043.91
11/6/21,Nov,BTCUSD,61172.03,62338.16,60120.00,62199.69,758.38
11/7/21,Nov,BTCUSD,62199.69,65680.00,61537.32,65235.20,892.82
11/8/21,Nov,BTCUSD,65235.20,68534.11,65138.00,68525.75,1421.08
11/9/21,Nov,BTCUSD,68525.75,68529.52,66262.48,66491.25,1229.46
11/10/21,Nov,BTCUSD,66491.25,69000.00,62927.97,64785.34,2966.58
11/11/21,Nov,BTCUSD,64785.34,65587.00,64121.00,64857.63,1050.51
11/12/21,Nov,BTCUSD,64857.63,65071.49,62875.00,63805.12,1466.29
11/13/21,Nov,BTCUSD,63805.12,65338.87,63409.49,64673.28,310.01
11/14/21,Nov,BTCUSD,64673.28,66200.00,63602.20,65744.18,528.50
11/15/21,Nov,BTCUSD,65744.18,66340.74,60503.00,60944.13,1790.80
11/16/21,Nov,BTCUSD,60944.13,61558.53,58573.00,59050.45,2725.20
11/17/21,Nov,BTCUSD,59050.45,60976.25,58434.80,59885.21,1794.84
11/18/21,Nov,BTCUSD,59885.21,60106.30,53760.00,55911.16,3999.42
11/19/21,Nov,BTCUSD,55911.16,59042.00,55856.95,58596.83,1483.12
11/20/21,Nov,BTCUSD,58596.83,59886.11,57442.00,58741.06,777.79
11/21/21,Nov,BTCUSD,58741.06,60061.89,57049.07,57440.38,649.59
11/22/21,Nov,BTCUSD,57440.38,59581.52,55648.53,56975.38,1430.31
11/23/21,Nov,BTCUSD,56975.38,57882.26,55384.00,56423.50,1584.78
11/24/21,Nov,BTCUSD,56423.50,58276.58,55899.00,57756.25,1105.16
11/25/21,Nov,BTCUSD,57756.25,59476.65,57051.76,57952.35,628.99
11/26/21,Nov,BTCUSD,57952.35,58043.76,53529.00,54409.03,2804.10
11/27/21,Nov,BTCUSD,54409.03,55320.80,53739.80,54161.85,556.51
11/28/21,Nov,BTCUSD,54161.85,58265.20,53333.33,57400.61,790.75
11/29/21,Nov,BTCUSD,57400.61,58903.31,56734.49,57163.87,1057.04
11/30/21,Nov,BTCUSD,57163.87,59226.98,55930.25,57404.47,1487.28
12/1/21,Dec,BTCUSD,57404.47,59105.91,55860.02,56362.19,1420.43
12/2/21,Dec,BTCUSD,56362.19,57277.92,56000.00,56380.25,1140.49
12/3/21,Dec,BTCUSD,56380.25,57673.58,51619.30,52055.90,1784.77
12/4/21,Dec,BTCUSD,52055.90,52644.42,42074.62,49249.56,5486.89
12/5/21,Dec,BTCUSD,49249.56,49786.95,47844.03,49103.01,3697.03
12/6/21,Dec,BTCUSD,49103.01,51481.04,47165.65,51012.43,2139.33
12/7/21,Dec,BTCUSD,51012.43,51982.66,50086.00,50162.48,1220.79
12/8/21,Dec,BTCUSD,50162.48,51269.82,48669.68,49567.40,1215.60
12/9/21,Dec,BTCUSD,49567.40,50362.35,47335.20,48405.03,1686.80
12/10/21,Dec,BTCUSD,48405.03,49243.00,46759.20,48331.11,766.72
12/11/21,Dec,BTCUSD,48331.11,49699.99,47819.28,49333.66,623.86
12/12/21,Dec,BTCUSD,49333.66,50808.48,48490.81,48899.75,779.55
12/13/21,Dec,BTCUSD,48899.75,49348.69,45618.84,46968.47,1749.04
12/14/21,Dec,BTCUSD,46968.47,48784.28,46350.00,48280.50,1026.12
12/15/21,Dec,BTCUSD,48280.50,49500.00,46539.00,48838.59,1684.17
12/16/21,Dec,BTCUSD,48838.59,49466.29,47438.15,47779.80,881.67
12/17/21,Dec,BTCUSD,47779.80,48194.13,45463.96,46312.19,1294.10
12/18/21,Dec,BTCUSD,46312.19,47980.93,46100.00,47745.99,500.98
12/19/21,Dec,BTCUSD,47745.99,48306.22,46255.00,46709.08,670.52
12/20/21,Dec,BTCUSD,46709.08,48082.61,45579.18,47954.56,954.70
12/21/21,Dec,BTCUSD,47954.56,49598.11,47948.07,49263.44,1235.89
12/22/21,Dec,BTCUSD,49263.44,49548.86,48063.36,48545.38,726.80
12/23/21,Dec,BTCUSD,48545.38,51533.71,48072.35,51067.84,1001.26
12/24/21,Dec,BTCUSD,51067.84,51866.86,50461.08,50872.31,558.12
12/25/21,Dec,BTCUSD,50872.31,51156.95,49656.65,49705.21,400.67
12/26/21,Dec,BTCUSD,49705.21,51294.26,49460.66,51036.12,489.24
12/27/21,Dec,BTCUSD,51036.12,52104.93,49509.47,49821.79,896.04
12/28/21,Dec,BTCUSD,49821.79,49834.68,47322.97,48017.93,1275.01
12/29/21,Dec,BTCUSD,48017.93,48075.97,45945.30,46502.44,1119.63
12/30/21,Dec,BTCUSD,46502.44,47949.30,46496.19,47207.99,998.41
12/31/21,Dec,BTCUSD,47207.99,48578.35,45641.11,46806.83,1591.71
1/4/21,January,SP500,3764.61,3769.99,3662.71,3700.65,5006680000.00
1/5/21,January,SP500,3698.02,3737.83,3695.07,3726.86,4582620000.00
1/6/21,January,SP500,3712.20,3783.04,3705.34,3748.14,6049970000.00
1/7/21,January,SP500,3764.71,3811.55,3764.71,3803.79,5080870000.00
1/8/21,January,SP500,3815.05,3826.69,3783.60,3824.68,4764180000.00
1/11/21,January,SP500,3803.14,3817.86,3789.02,3799.61,4450500000.00
1/12/21,January,SP500,3801.62,3810.78,3776.51,3801.19,4977210000.00
1/13/21,January,SP500,3802.23,3820.96,3791.50,3809.84,4590420000.00
1/14/21,January,SP500,3814.98,3823.60,3792.86,3795.54,5180140000.00
1/15/21,January,SP500,3788.73,3788.73,3749.62,3768.25,5353060000.00
1/19/21,January,SP500,3781.88,3804.53,3780.37,3798.91,4982940000.00
1/20/21,January,SP500,3816.22,3859.75,3816.22,3851.85,4551790000.00
1/21/21,January,SP500,3857.46,3861.45,3845.05,3853.07,4484460000.00
1/22/21,January,SP500,3844.24,3852.31,3830.41,3841.47,5080430000.00
1/25/21,January,SP500,3851.68,3859.23,3797.16,3855.36,6955860000.00
1/26/21,January,SP500,3862.96,3870.90,3847.78,3849.62,6029090000.00
1/27/21,January,SP500,3836.83,3836.83,3732.48,3750.77,9878040000.00
1/28/21,January,SP500,3755.75,3830.50,3755.75,3787.38,6937960000.00
1/29/21,January,SP500,3778.05,3778.05,3694.12,3714.24,6612570000.00
2/1/21,February,SP500,3731.17,3784.32,3725.62,3773.86,5392870000.00
2/2/21,February,SP500,3791.84,3843.09,3791.84,3826.31,5495370000.00
2/3/21,February,SP500,3840.27,3847.51,3816.68,3830.17,4846900000.00
2/4/21,February,SP500,3836.66,3872.42,3836.66,3871.74,4856670000.00
2/5/21,February,SP500,3878.30,3894.56,3874.93,3886.83,4838580000.00
2/8/21,February,SP500,3892.59,3915.77,3892.59,3915.59,4635030000.00
2/9/21,February,SP500,3910.49,3918.35,3902.64,3911.23,4554610000.00
2/10/21,February,SP500,3920.78,3931.50,3884.94,3909.88,4815380000.00
2/11/21,February,SP500,3916.40,3925.99,3890.39,3916.38,4570080000.00
2/12/21,February,SP500,3911.65,3937.23,3905.78,3934.83,4119260000.00
2/16/21,February,SP500,3939.61,3950.43,3923.85,3932.59,5037360000.00
2/17/21,February,SP500,3918.50,3933.61,3900.43,3931.33,4718280000.00
2/18/21,February,SP500,3915.86,3921.98,3885.03,3913.97,4773430000.00
2/19/21,February,SP500,3921.16,3930.41,3903.07,3906.71,4823940000.00
2/22/21,February,SP500,3885.55,3902.92,3874.71,3876.50,5870190000.00
2/23/21,February,SP500,3857.07,3895.98,3805.59,3881.37,6280650000.00
2/24/21,February,SP500,3873.71,3928.65,3859.60,3925.43,5942350000.00
2/25/21,February,SP500,3915.80,3925.02,3814.04,3829.34,6513060000.00
2/26/21,February,SP500,3839.66,3861.08,3789.54,3811.15,6512950000.00
3/1/21,March,SP500,3842.51,3914.50,3842.51,3901.82,5071540000.00
3/2/21,March,SP500,3903.64,3906.41,3868.57,3870.29,5493690000.00
3/3/21,March,SP500,3863.99,3874.47,3818.86,3819.72,6150790000.00
3/4/21,March,SP500,3818.53,3843.67,3723.34,3768.47,7142240000.00
3/5/21,March,SP500,3793.58,3851.69,3730.19,3841.94,6842570000.00
3/8/21,March,SP500,3844.39,3881.06,3819.25,3821.35,5852240000.00
3/9/21,March,SP500,3851.93,3903.76,3851.93,3875.44,5496340000.00
3/10/21,March,SP500,3891.99,3917.35,3885.73,3898.81,5827250000.00
3/11/21,March,SP500,3915.54,3960.27,3915.54,3939.34,5300010000.00
3/12/21,March,SP500,3924.52,3944.99,3915.21,3943.34,4469240000.00
3/15/21,March,SP500,3942.96,3970.08,3923.54,3968.94,4882190000.00
3/16/21,March,SP500,3973.59,3981.04,3953.44,3962.71,4604870000.00
3/17/21,March,SP500,3949.57,3983.87,3935.74,3974.12,4541620000.00
3/18/21,March,SP500,3953.50,3969.62,3910.86,3915.46,4043170000.00
3/19/21,March,SP500,3913.14,3930.12,3886.75,3913.10,7725050000.00
3/22/21,March,SP500,3916.48,3955.31,3914.16,3940.59,4311380000.00
3/23/21,March,SP500,3937.60,3949.13,3901.57,3910.52,4645340000.00
3/24/21,March,SP500,3919.93,3942.08,3889.07,3889.14,4766990000.00
3/25/21,March,SP500,3879.34,3919.54,3853.50,3909.52,4940800000.00
3/26/21,March,SP500,3917.12,3978.19,3917.12,3974.54,5467850000.00
3/29/21,March,SP500,3969.31,3981.83,3943.25,3971.09,4619840000.00
3/30/21,March,SP500,3963.34,3968.01,3944.35,3958.55,4103570000.00
3/31/21,March,SP500,3967.25,3994.41,3966.98,3972.89,4564980000.00
4/1/21,April,SP500,3992.78,4020.63,3992.78,4019.87,4151240000.00
4/5/21,April,SP500,4034.44,4083.42,4034.44,4077.91,3999760000.00
4/6/21,April,SP500,4075.57,4086.23,4068.14,4073.94,4027880000.00
4/7/21,April,SP500,4074.29,4083.13,4068.31,4079.95,4112640000.00
4/8/21,April,SP500,4089.95,4098.19,4082.54,4097.17,3901910000.00
4/9/21,April,SP500,4096.11,4129.48,4095.51,4128.80,3634910000.00
4/12/21,April,SP500,4124.71,4131.76,4114.82,4127.99,3578500000.00
4/13/21,April,SP500,4130.10,4148.00,4124.43,4141.59,3728440000.00
4/14/21,April,SP500,4141.58,4151.69,4120.87,4124.66,3976540000.00
4/15/21,April,SP500,4139.76,4173.49,4139.76,4170.42,4027680000.00
4/16/21,April,SP500,4174.14,4191.31,4170.75,4185.47,4157430000.00
4/19/21,April,SP500,4179.80,4180.81,4150.47,4163.26,3788020000.00
4/20/21,April,SP500,4159.18,4159.18,4118.38,4134.94,4338230000.00
4/21/21,April,SP500,4128.42,4175.02,4126.35,4173.42,3865820000.00
4/22/21,April,SP500,4170.46,4179.57,4123.69,4134.98,4235040000.00
4/23/21,April,SP500,4138.78,4194.17,4138.78,4180.17,3568080000.00
4/26/21,April,SP500,4185.03,4194.19,4182.36,4187.62,3738920000.00
4/27/21,April,SP500,4188.25,4193.35,4176.22,4186.72,3703240000.00
4/28/21,April,SP500,4185.14,4201.53,4181.78,4183.18,3772390000.00
4/29/21,April,SP500,4206.14,4218.78,4176.81,4211.47,4288940000.00
4/30/21,April,SP500,4198.10,4198.10,4174.85,4181.17,4273680000.00
5/3/21,May,SP500,4191.98,4209.39,4188.03,4192.66,4061170000.00
5/4/21,May,SP500,4179.04,4179.04,4128.59,4164.66,4441080000.00
5/5/21,May,SP500,4177.06,4187.72,4160.94,4167.59,4029050000.00
5/6/21,May,SP500,4169.14,4202.70,4147.33,4201.62,4504860000.00
5/7/21,May,SP500,4210.34,4238.04,4201.64,4232.60,4013060000.00
5/10/21,May,SP500,4228.29,4236.39,4188.13,4188.43,3678970000.00
5/11/21,May,SP500,4150.34,4162.04,4111.53,4152.10,3593110000.00
5/12/21,May,SP500,4130.55,4134.73,4056.88,4063.04,3735080000.00
5/13/21,May,SP500,4074.99,4131.58,4074.99,4112.50,3687780000.00
5/14/21,May,SP500,4129.58,4183.13,4129.58,4173.85,3251920000.00
5/17/21,May,SP500,4169.92,4171.92,4142.69,4163.29,3307130000.00
5/18/21,May,SP500,4165.94,4169.15,4125.99,4127.83,3559790000.00
5/19/21,May,SP500,4098.45,4116.93,4061.41,4115.68,3485550000.00
5/20/21,May,SP500,4121.97,4172.80,4121.97,4159.12,3019060000.00
5/21/21,May,SP500,4168.61,4188.72,4151.72,4155.86,3344620000.00
5/24/21,May,SP500,4170.16,4209.52,4170.16,4197.05,2947400000.00
5/25/21,May,SP500,4205.94,4213.42,4182.52,4188.13,3420870000.00
5/26/21,May,SP500,4191.59,4202.61,4184.11,4195.99,3674490000.00
5/27/21,May,SP500,4201.94,4213.38,4197.78,4200.88,5201110000.00
5/28/21,May,SP500,4210.77,4218.36,4203.57,4204.11,4199270000.00
6/1/21,June,SP500,4216.52,4234.12,4197.59,4202.04,4122960000.00
6/2/21,June,SP500,4206.82,4217.37,4198.27,4208.12,4860930000.00
6/3/21,June,SP500,4191.43,4204.39,4167.93,4192.85,4579450000.00
6/4/21,June,SP500,4206.05,4233.45,4206.05,4229.89,3487070000.00
6/7/21,June,SP500,4229.34,4232.34,4215.66,4226.52,3835570000.00
6/8/21,June,SP500,4233.81,4236.74,4208.41,4227.26,3943870000.00
6/9/21,June,SP500,4232.99,4237.09,4218.74,4219.55,3902870000.00
6/10/21,June,SP500,4228.56,4249.74,4220.34,4239.18,3502480000.00
6/11/21,June,SP500,4242.90,4248.38,4232.25,4247.44,3204280000.00
6/14/21,June,SP500,4248.31,4255.59,4234.07,4255.15,3612050000.00
6/15/21,June,SP500,4255.28,4257.16,4238.35,4246.59,3578450000.00
6/16/21,June,SP500,4248.87,4251.89,4202.45,4223.70,3722050000.00
6/17/21,June,SP500,4220.37,4232.29,4196.05,4221.86,3952110000.00
6/18/21,June,SP500,4204.78,4204.78,4164.40,4166.45,6084980000.00
6/21/21,June,SP500,4173.40,4226.24,4173.40,4224.79,3391740000.00
6/22/21,June,SP500,4224.61,4255.84,4217.27,4246.44,3208760000.00
6/23/21,June,SP500,4249.27,4256.60,4241.43,4241.84,3172440000.00
6/24/21,June,SP500,4256.97,4271.28,4256.97,4266.49,3141680000.00
6/25/21,June,SP500,4274.45,4286.12,4271.16,4280.70,6248390000.00
6/28/21,June,SP500,4284.90,4292.14,4274.67,4290.61,3415610000.00
6/29/21,June,SP500,4293.21,4300.52,4287.04,4291.80,3049560000.00
6/30/21,June,SP500,4290.65,4302.43,4287.96,4297.50,3687880000.00
7/1/21,July,SP500,4300.73,4320.66,4300.73,4319.94,3077580000.00
7/2/21,July,SP500,4326.60,4355.43,4326.60,4352.34,2628550000.00
7/6/21,July,SP500,4356.46,4356.46,4314.37,4343.54,3437900000.00
7/7/21,July,SP500,4351.01,4361.88,4329.79,4358.13,3243900000.00
7/8/21,July,SP500,4321.07,4330.88,4289.37,4320.82,3393780000.00
7/9/21,July,SP500,4329.38,4371.60,4329.38,4369.55,2738280000.00
7/12/21,July,SP500,4372.41,4386.68,4364.03,4384.63,2983980000.00
7/13/21,July,SP500,4381.07,4392.37,4366.92,4369.21,3166900000.00
7/14/21,July,SP500,4380.11,4393.68,4362.36,4374.30,3213870000.00
7/15/21,July,SP500,4369.02,4369.02,4340.70,4360.03,3226930000.00
7/16/21,July,SP500,4367.43,4375.09,4322.53,4327.16,3165160000.00
7/19/21,July,SP500,4296.40,4296.40,4233.13,4258.49,4155790000.00
7/20/21,July,SP500,4265.11,4336.84,4262.05,4323.06,3634190000.00
7/21/21,July,SP500,4331.13,4359.70,4331.13,4358.69,3078550000.00
7/22/21,July,SP500,4361.27,4369.87,4350.06,4367.48,2907910000.00
7/23/21,July,SP500,4381.20,4415.18,4381.20,4411.79,3490730000.00
7/26/21,July,SP500,4409.58,4422.73,4405.45,4422.30,2679110000.00
7/27/21,July,SP500,4416.38,4416.38,4372.51,4401.46,3381080000.00
7/28/21,July,SP500,4402.95,4415.47,4387.01,4400.64,3215130000.00
7/29/21,July,SP500,4403.59,4429.97,4403.59,4419.15,2815510000.00
7/30/21,July,SP500,4395.12,4412.25,4389.65,4395.26,2861600000.00
8/2/21,August,SP500,4406.86,4422.18,4384.81,4387.16,2919940000.00
8/3/21,August,SP500,4392.74,4423.79,4373.00,4423.15,3305340000.00
8/4/21,August,SP500,4415.95,4416.17,4400.23,4402.66,3382620000.00
8/5/21,August,SP500,4408.86,4429.76,4408.86,4429.10,2734220000.00
8/6/21,August,SP500,4429.07,4440.82,4429.07,4436.52,2839970000.00
8/9/21,August,SP500,4437.77,4439.39,4424.74,4432.35,2779880000.00
8/10/21,August,SP500,4435.79,4445.21,4430.03,4436.75,3219840000.00
8/11/21,August,SP500,4442.18,4449.44,4436.42,4442.41,2803060000.00
8/12/21,August,SP500,4446.08,4461.77,4435.96,4460.83,2543860000.00
8/13/21,August,SP500,4464.84,4468.37,4460.82,4468.00,2371630000.00
8/16/21,August,SP500,4461.65,4480.26,4437.66,4479.71,2707170000.00
8/17/21,August,SP500,4462.12,4462.12,4417.83,4448.08,2884000000.00
8/18/21,August,SP500,4440.94,4454.32,4397.59,4400.27,2965210000.00
8/19/21,August,SP500,4382.44,4418.61,4367.73,4405.80,3120840000.00
8/20/21,August,SP500,4410.56,4444.35,4406.80,4441.67,2867770000.00
8/23/21,August,SP500,4450.29,4489.88,4450.29,4479.53,2965520000.00
8/24/21,August,SP500,4484.40,4492.81,4482.28,4486.23,3037770000.00
8/25/21,August,SP500,4490.45,4501.71,4485.66,4496.19,2554680000.00
8/26/21,August,SP500,4493.75,4495.90,4468.99,4470.00,2704600000.00
8/27/21,August,SP500,4474.10,4513.33,4474.10,4509.37,2862360000.00
8/30/21,August,SP500,4513.76,4537.36,4513.76,4528.79,2557300000.00
8/31/21,August,SP500,4529.75,4531.39,4515.80,4522.68,3090380000.00
9/1/21,September,SP500,4528.80,4537.11,4522.02,4524.09,3101830000.00
9/2/21,September,SP500,4534.48,4545.85,4524.66,4536.95,2897010000.00
9/3/21,September,SP500,4532.42,4541.45,4521.30,4535.43,2609660000.00
9/7/21,September,SP500,4535.38,4535.38,4513.00,4520.03,3098870000.00
9/8/21,September,SP500,4518.09,4521.79,4493.95,4514.07,2808480000.00
9/9/21,September,SP500,4513.02,4529.90,4492.07,4493.28,3035300000.00
9/10/21,September,SP500,4506.92,4520.47,4457.66,4458.58,2851140000.00
9/13/21,September,SP500,4474.81,4492.99,4445.70,4468.73,3096390000.00
9/14/21,September,SP500,4479.33,4485.68,4435.46,4443.05,2568730000.00
9/15/21,September,SP500,4447.49,4486.87,4438.37,4480.70,3154760000.00
9/16/21,September,SP500,4477.09,4485.87,4443.80,4473.75,3321030000.00
9/17/21,September,SP500,4469.74,4471.52,4427.76,4432.99,5622210000.00
9/20/21,September,SP500,4402.95,4402.95,4305.91,4357.73,3773680000.00
9/21/21,September,SP500,4374.45,4394.87,4347.96,4354.19,3044300000.00
9/22/21,September,SP500,4367.43,4416.75,4367.43,4395.64,3273670000.00
9/23/21,September,SP500,4406.75,4465.40,4406.75,4448.98,2833290000.00
9/24/21,September,SP500,4438.04,4463.12,4430.27,4455.48,2772090000.00
9/27/21,September,SP500,4442.12,4457.30,4436.19,4443.11,3032870000.00
9/28/21,September,SP500,4419.54,4419.54,4346.33,4352.63,3495970000.00
9/29/21,September,SP500,4362.41,4385.57,4355.08,4359.46,2753800000.00
9/30/21,September,SP500,4370.67,4382.55,4306.24,4307.54,3123770000.00
10/1/21,October,SP500,4317.16,4375.19,4288.52,4357.04,3148980000.00
10/4/21,October,SP500,4348.84,4355.51,4278.94,4300.46,3110560000.00
10/5/21,October,SP500,4309.87,4369.23,4309.87,4345.72,2967400000.00
10/6/21,October,SP500,4319.57,4365.57,4290.49,4363.55,3219590000.00
10/7/21,October,SP500,4383.73,4429.97,4383.73,4399.76,3096080000.00
10/8/21,October,SP500,4406.51,4412.02,4386.22,4391.34,2401890000.00
10/11/21,October,SP500,4385.44,4415.88,4360.59,4361.19,2580000000.00
10/12/21,October,SP500,4368.31,4374.89,4342.09,4350.65,2608150000.00
10/13/21,October,SP500,4358.01,4372.87,4329.92,4363.80,2926460000.00
10/14/21,October,SP500,4386.75,4439.73,4386.75,4438.26,2642920000.00
10/15/21,October,SP500,4447.69,4475.82,4447.69,4471.37,3000560000.00
10/18/21,October,SP500,4463.72,4488.75,4447.47,4486.46,2683540000.00
10/19/21,October,SP500,4497.34,4520.40,4496.41,4519.63,2531210000.00
10/20/21,October,SP500,4524.42,4540.87,4524.40,4536.19,2671560000.00
10/21/21,October,SP500,4532.24,4551.44,4526.89,4549.78,3016950000.00
10/22/21,October,SP500,4546.12,4559.67,4524.00,4544.90,3062810000.00
10/25/21,October,SP500,4553.69,4572.62,4537.36,4566.48,3250210000.00
10/26/21,October,SP500,4578.69,4598.53,4569.17,4574.79,2866500000.00
10/27/21,October,SP500,4580.22,4584.57,4551.66,4551.68,3259510000.00
10/28/21,October,SP500,4562.84,4597.55,4562.84,4596.42,3197560000.00
10/29/21,October,SP500,4572.87,4608.08,4567.59,4605.38,3632260000.00
11/1/21,November,SP500,4610.62,4620.34,4595.06,4613.67,2924000000.00
11/2/21,November,SP500,4613.34,4635.15,4613.34,4630.65,3309690000.00
11/3/21,November,SP500,4630.65,4663.46,4621.19,4660.57,3339440000.00
11/4/21,November,SP500,4662.93,4683.00,4662.59,4680.06,3332940000.00
11/5/21,November,SP500,4699.26,4718.50,4681.32,4697.53,3491150000.00
11/8/21,November,SP500,4701.48,4714.92,4694.39,4701.70,3465720000.00
11/9/21,November,SP500,4707.25,4708.53,4670.87,4685.25,3110230000.00
11/10/21,November,SP500,4670.26,4684.85,4630.86,4646.71,3581630000.00
11/11/21,November,SP500,4659.39,4664.55,4648.31,4649.27,2623140000.00
11/12/21,November,SP500,4655.24,4688.47,4650.77,4682.85,2865790000.00
11/15/21,November,SP500,4689.30,4697.42,4672.86,4682.80,2618980000.00
11/16/21,November,SP500,4679.42,4714.95,4679.42,4700.90,2838210000.00
11/17/21,November,SP500,4701.50,4701.50,4684.41,4688.67,3221250000.00
11/18/21,November,SP500,4700.72,4708.80,4672.78,4704.54,3335620000.00
11/19/21,November,SP500,4708.44,4717.75,4694.22,4697.96,3265600000.00
11/22/21,November,SP500,4712.00,4743.83,4682.17,4682.94,3206280000.00
11/23/21,November,SP500,4678.48,4699.39,4652.66,4690.70,3428780000.00
11/24/21,November,SP500,4675.78,4702.87,4659.89,4701.46,2464040000.00
11/26/21,November,SP500,4664.63,4664.63,4585.43,4594.62,2676740000.00
11/29/21,November,SP500,4628.75,4672.95,4625.26,4655.27,3471380000.00
11/30/21,November,SP500,4640.25,4646.02,4560.00,4567.00,4950190000.00
12/1/21,December,SP500,4602.82,4652.94,4510.27,4513.04,4078260000.00
12/2/21,December,SP500,4504.73,4595.46,4504.73,4577.10,3771510000.00
12/3/21,December,SP500,4589.49,4608.03,4495.12,4538.43,3971500000.00
12/6/21,December,SP500,4548.37,4612.60,4540.51,4591.67,3305690000.00
12/7/21,December,SP500,4631.97,4694.04,4631.97,4686.75,3334320000.00
12/8/21,December,SP500,4690.86,4705.06,4674.52,4701.21,3061550000.00
12/9/21,December,SP500,4691.00,4695.26,4665.98,4667.45,2851660000.00
12/10/21,December,SP500,4687.64,4713.57,4670.24,4712.02,2858310000.00
12/13/21,December,SP500,4710.30,4710.30,4667.60,4668.97,3322050000.00
12/14/21,December,SP500,4642.99,4660.47,4606.52,4634.09,3292740000.00
12/15/21,December,SP500,4636.46,4712.60,4611.22,4709.85,3367580000.00
12/16/21,December,SP500,4719.13,4731.99,4651.89,4668.67,3592810000.00
12/17/21,December,SP500,4652.50,4666.70,4600.22,4620.64,5609780000.00
12/20/21,December,SP500,4587.90,4587.90,4531.10,4568.02,3395780000.00
12/21/21,December,SP500,4594.96,4651.14,4583.16,4649.23,2564370000.00
12/22/21,December,SP500,4650.36,4697.67,4645.53,4696.56,2439570000.00
12/23/21,December,SP500,4703.96,4740.74,4703.96,4725.79,2194630000.00
12/27/21,December,SP500,4733.99,4791.49,4733.99,4791.19,2264120000.00
12/28/21,December,SP500,4795.49,4807.02,4780.04,4786.35,2217050000.00
12/29/21,December,SP500,4788.64,4804.06,4778.08,4793.06,2369370000.00
12/30/21,December,SP500,4794.23,4808.93,4775.33,4778.73,2390990000.00
12/31/21,December,SP500,4775.21,4786.83,4765.75,4766.18,2446190000.00