id,subscription_start,subscription_end,segment
1,2016-12-01,2017-02-01,87
2,2016-12-01,2017-01-24,87
3,2016-12-01,2017-03-07,87
4,2016-12-01,2017-02-12,87
5,2016-12-01,2017-03-09,87
6,2016-12-01,2017-01-19,87
7,2016-12-01,2017-02-03,87
8,2016-12-01,2017-03-02,87
9,2016-12-01,2017-02-17,87
10,2016-12-01,2017-01-01,87
11,2016-12-01,2017-01-17,87
12,2016-12-01,2017-02-07,87
13,2016-12-01,,30
14,2016-12-01,2017-03-07,30
15,2016-12-01,2017-02-22,30
16,2016-12-01,,30
17,2016-12-01,,30
18,2016-12-02,2017-01-29,87
19,2016-12-02,2017-01-13,87
20,2016-12-02,2017-01-15,87
21,2016-12-02,2017-01-15,87
22,2016-12-02,2017-01-24,87
23,2016-12-02,2017-01-14,87
24,2016-12-02,2017-01-18,87
25,2016-12-02,2017-02-24,87
26,2016-12-02,2017-01-18,87
27,2016-12-02,2017-01-11,87
28,2016-12-02,2017-03-30,30
29,2016-12-02,2017-02-11,30
30,2016-12-02,2017-01-20,30
31,2016-12-02,,30
32,2016-12-02,2017-01-11,30
33,2016-12-02,,30
34,2016-12-02,2017-02-06,30
35,2016-12-03,2017-02-17,87
36,2016-12-03,2017-03-06,87
37,2016-12-03,2017-03-08,87
38,2016-12-03,2017-02-28,87
39,2016-12-03,,30
40,2016-12-03,,30
41,2016-12-03,,30
42,2016-12-03,2017-03-29,30
43,2016-12-03,,30
44,2016-12-04,2017-03-11,87
45,2016-12-04,2017-02-02,87
46,2016-12-04,2017-02-18,87
47,2016-12-04,2017-02-06,87
48,2016-12-04,2017-03-12,87
49,2016-12-04,2017-03-06,87
50,2016-12-04,2017-02-15,87
51,2016-12-04,2017-01-06,87
52,2016-12-04,2017-02-21,87
53,2016-12-04,2017-01-31,87
54,2016-12-04,2017-03-08,87
55,2016-12-04,2017-02-21,87
56,2016-12-04,,30
57,2016-12-04,,30
58,2016-12-04,,30
59,2016-12-04,,30
60,2016-12-04,,30
61,2016-12-04,,30
62,2016-12-04,2017-03-11,30
63,2016-12-04,2017-01-14,30
64,2016-12-04,,30
65,2016-12-04,,30
66,2016-12-04,,30
67,2016-12-04,,30
68,2016-12-05,2017-01-13,87
69,2016-12-05,2017-02-15,87
70,2016-12-05,2017-03-12,87
71,2016-12-05,2017-01-13,87
72,2016-12-05,2017-01-29,87
73,2016-12-05,2017-01-20,87
74,2016-12-05,2017-01-09,87
75,2016-12-05,2017-02-25,87
76,2016-12-05,2017-01-28,87
77,2016-12-05,2017-02-09,87
78,2016-12-05,2017-01-23,87
79,2016-12-05,2017-01-27,87
80,2016-12-05,2017-01-11,87
81,2016-12-05,,30
82,2016-12-05,,30
83,2016-12-05,,30
84,2016-12-05,,30
85,2016-12-05,,30
86,2016-12-05,2017-01-17,30
87,2016-12-05,,30
88,2016-12-05,2017-03-26,30
89,2016-12-05,,30
90,2016-12-06,2017-02-25,87
91,2016-12-06,2017-03-14,87
92,2016-12-06,2017-02-22,87
93,2016-12-06,2017-02-05,87
94,2016-12-06,2017-01-28,87
95,2016-12-06,2017-02-03,87
96,2016-12-06,2017-02-20,87
97,2016-12-06,2017-03-12,87
98,2016-12-06,2017-03-05,87
99,2016-12-06,,30
100,2016-12-06,2017-03-11,30
101,2016-12-06,2017-01-30,30
102,2016-12-06,2017-01-25,30
103,2016-12-06,,30
104,2016-12-06,2017-02-23,30
105,2016-12-06,,30
106,2016-12-06,2017-03-30,30
107,2016-12-06,,30
108,2016-12-06,2017-02-26,30
109,2016-12-06,2017-01-24,30
110,2016-12-07,2017-02-19,87
111,2016-12-07,2017-01-08,87
112,2016-12-07,2017-01-28,87
113,2016-12-07,2017-03-17,87
114,2016-12-07,2017-02-26,87
115,2016-12-07,2017-02-27,87
116,2016-12-07,2017-02-25,87
117,2016-12-07,2017-02-01,87
118,2016-12-07,2017-03-03,87
119,2016-12-07,2017-01-17,87
120,2016-12-07,2017-02-26,30
121,2016-12-07,2017-02-11,30
122,2016-12-07,,30
123,2016-12-07,,30
124,2016-12-07,,30
125,2016-12-07,,30
126,2016-12-07,,30
127,2016-12-07,,30
128,2016-12-07,2017-02-04,30
129,2016-12-07,,30
130,2016-12-07,,30
131,2016-12-08,2017-02-15,87
132,2016-12-08,2017-01-10,87
133,2016-12-08,2017-03-04,87
134,2016-12-08,2017-02-21,87
135,2016-12-08,2017-03-17,87
136,2016-12-08,2017-03-17,87
137,2016-12-08,2017-03-16,87
138,2016-12-08,2017-01-29,87
139,2016-12-08,2017-03-13,30
140,2016-12-08,2017-01-23,30
141,2016-12-08,,30
142,2016-12-08,2017-03-24,30
143,2016-12-08,2017-03-06,30
144,2016-12-08,,30
145,2016-12-08,2017-03-01,30
146,2016-12-08,2017-02-16,30
147,2016-12-09,2017-03-05,87
148,2016-12-09,2017-03-08,87
149,2016-12-09,2017-01-09,87
150,2016-12-09,2017-03-19,87
151,2016-12-09,2017-03-03,87
152,2016-12-09,2017-01-21,87
153,2016-12-09,,30
154,2016-12-09,,30
155,2016-12-09,2017-02-04,30
156,2016-12-09,,30
157,2016-12-09,2017-02-25,30
158,2016-12-09,,30
159,2016-12-09,,30
160,2016-12-09,2017-03-27,30
161,2016-12-09,,30
162,2016-12-09,,30
163,2016-12-09,,30
164,2016-12-09,,30
165,2016-12-09,,30
166,2016-12-09,,30
167,2016-12-09,2017-01-19,30
168,2016-12-09,2017-01-13,30
169,2016-12-10,2017-01-20,87
170,2016-12-10,2017-03-16,87
171,2016-12-10,2017-03-17,87
172,2016-12-10,2017-01-26,87
173,2016-12-10,2017-01-18,87
174,2016-12-10,2017-01-15,87
175,2016-12-10,2017-01-25,87
176,2016-12-10,2017-01-14,87
177,2016-12-10,2017-01-11,87
178,2016-12-10,2017-03-10,87
179,2016-12-10,2017-01-28,30
180,2016-12-10,,30
181,2016-12-10,2017-02-20,30
182,2016-12-10,,30
183,2016-12-10,,30
184,2016-12-10,,30
185,2016-12-10,,30
186,2016-12-10,,30
187,2016-12-10,,30
188,2016-12-10,,30
189,2016-12-10,,30
190,2016-12-11,2017-02-17,87
191,2016-12-11,2017-02-03,87
192,2016-12-11,2017-03-04,87
193,2016-12-11,2017-02-04,87
194,2016-12-11,2017-01-25,87
195,2016-12-11,2017-03-19,87
196,2016-12-11,2017-02-02,87
197,2016-12-11,2017-03-11,87
198,2016-12-11,2017-01-31,87
199,2016-12-11,2017-01-21,87
200,2016-12-11,2017-03-06,87
201,2016-12-11,,30
202,2016-12-11,2017-03-20,30
203,2016-12-11,,30
204,2016-12-11,,30
205,2016-12-12,2017-02-01,87
206,2016-12-12,2017-01-19,87
207,2016-12-12,2017-02-16,87
208,2016-12-12,2017-02-25,87
209,2016-12-12,2017-03-08,87
210,2016-12-12,2017-03-04,87
211,2016-12-12,2017-02-27,87
212,2016-12-12,,30
213,2016-12-12,,30
214,2016-12-12,,30
215,2016-12-12,,30
216,2016-12-12,,30
217,2016-12-12,,30
218,2016-12-12,,30
219,2016-12-12,2017-01-29,30
220,2016-12-12,,30
221,2016-12-13,2017-02-03,87
222,2016-12-13,2017-01-19,87
223,2016-12-13,2017-02-22,87
224,2016-12-13,2017-03-17,87
225,2016-12-13,2017-02-22,87
226,2016-12-13,2017-03-21,87
227,2016-12-13,2017-01-24,87
228,2016-12-13,2017-01-30,87
229,2016-12-13,,30
230,2016-12-13,2017-02-27,30
231,2016-12-13,2017-01-17,30
232,2016-12-13,2017-01-30,30
233,2016-12-13,,30
234,2016-12-13,,30
235,2016-12-13,2017-02-17,30
236,2016-12-13,,30
237,2016-12-13,,30
238,2016-12-13,,30
239,2016-12-13,,30
240,2016-12-13,2017-01-21,30
241,2016-12-14,2017-02-13,87
242,2016-12-14,2017-02-22,87
243,2016-12-14,2017-02-17,87
244,2016-12-14,2017-03-24,87
245,2016-12-14,2017-03-19,87
246,2016-12-14,,30
247,2016-12-14,,30
248,2016-12-14,,30
249,2016-12-14,,30
250,2016-12-14,,30
251,2016-12-14,,30
252,2016-12-15,2017-03-23,87
253,2016-12-15,2017-01-17,87
254,2016-12-15,2017-01-31,87
255,2016-12-15,2017-02-22,87
256,2016-12-15,2017-02-05,87
257,2016-12-15,2017-01-19,87
258,2016-12-15,2017-03-07,87
259,2016-12-15,2017-01-23,87
260,2016-12-15,2017-01-23,87
261,2016-12-15,2017-03-20,87
262,2016-12-15,2017-03-03,87
263,2016-12-15,,30
264,2016-12-15,2017-02-11,30
265,2016-12-15,2017-03-04,30
266,2016-12-15,,30
267,2016-12-15,2017-03-04,30
268,2016-12-15,,30
269,2016-12-15,,30
270,2016-12-15,,30
271,2016-12-16,2017-03-23,87
272,2016-12-16,2017-03-17,87
273,2016-12-16,2017-01-28,87
274,2016-12-16,2017-03-23,87
275,2016-12-16,2017-01-19,87
276,2016-12-16,2017-01-20,87
277,2016-12-16,2017-03-06,87
278,2016-12-16,2017-02-10,87
279,2016-12-16,2017-03-20,87
280,2016-12-16,2017-02-28,87
281,2016-12-16,,30
282,2016-12-16,,30
283,2016-12-16,,30
284,2016-12-16,,30
285,2016-12-16,,30
286,2016-12-16,,30
287,2016-12-16,2017-02-10,30
288,2016-12-16,,30
289,2016-12-16,2017-03-15,30
290,2016-12-16,,30
291,2016-12-16,,30
292,2016-12-16,,30
293,2016-12-16,,30
294,2016-12-17,2017-03-17,87
295,2016-12-17,2017-02-19,87
296,2016-12-17,2017-03-05,87
297,2016-12-17,2017-01-25,87
298,2016-12-17,2017-02-22,87
299,2016-12-17,2017-02-14,87
300,2016-12-17,2017-01-25,87
301,2016-12-17,,30
302,2016-12-17,,30
303,2016-12-17,,30
304,2016-12-17,,30
305,2016-12-17,,30
306,2016-12-17,,30
307,2016-12-17,,30
308,2016-12-17,,30
309,2016-12-17,2017-03-09,30
310,2016-12-17,,30
311,2016-12-17,,30
312,2016-12-18,2017-01-26,87
313,2016-12-18,2017-03-13,87
314,2016-12-18,2017-02-08,87
315,2016-12-18,2017-02-15,87
316,2016-12-18,2017-02-26,87
317,2016-12-18,2017-03-21,87
318,2016-12-18,2017-02-18,87
319,2016-12-18,2017-02-10,87
320,2016-12-18,2017-03-23,87
321,2016-12-18,2017-02-15,87
322,2016-12-18,,30
323,2016-12-18,,30
324,2016-12-18,,30
325,2016-12-18,,30
326,2016-12-18,,30
327,2016-12-18,2017-01-21,30
328,2016-12-18,,30
329,2016-12-18,,30
330,2016-12-18,2017-03-25,30
331,2016-12-19,2017-02-05,87
332,2016-12-19,2017-01-31,87
333,2016-12-19,2017-01-30,87
334,2016-12-19,2017-02-24,87
335,2016-12-19,2017-02-15,87
336,2016-12-19,2017-03-02,87
337,2016-12-19,2017-01-20,87
338,2016-12-19,2017-02-16,87
339,2016-12-19,2017-02-08,87
340,2016-12-19,2017-02-26,87
341,2016-12-19,2017-03-24,87
342,2016-12-19,2017-03-04,87
343,2016-12-19,2017-03-15,87
344,2016-12-19,2017-03-02,87
345,2016-12-19,2017-03-20,30
346,2016-12-19,2017-01-31,30
347,2016-12-19,2017-02-22,30
348,2016-12-19,2017-03-05,30
349,2016-12-19,2017-03-25,30
350,2016-12-20,2017-02-07,87
351,2016-12-20,2017-02-14,87
352,2016-12-20,2017-01-27,87
353,2016-12-20,2017-03-25,87
354,2016-12-20,2017-01-21,87
355,2016-12-20,2017-01-20,87
356,2016-12-20,,30
357,2016-12-20,2017-02-03,30
358,2016-12-20,,30
359,2016-12-20,2017-03-15,30
360,2016-12-20,2017-01-24,30
361,2016-12-20,,30
362,2016-12-20,,30
363,2016-12-20,,30
364,2016-12-21,2017-02-02,87
365,2016-12-21,2017-02-13,87
366,2016-12-21,2017-02-18,87
367,2016-12-21,2017-02-06,87
368,2016-12-21,2017-02-23,87
369,2016-12-21,2017-03-01,87
370,2016-12-21,2017-03-02,87
371,2016-12-21,2017-03-01,87
372,2016-12-21,2017-03-26,87
373,2016-12-21,2017-02-13,87
374,2016-12-21,,30
375,2016-12-21,,30
376,2016-12-21,,30
377,2016-12-21,2017-02-19,30
378,2016-12-21,2017-03-31,30
379,2016-12-21,2017-02-25,30
380,2016-12-21,,30
381,2016-12-21,2017-03-01,30
382,2016-12-22,2017-02-08,87
383,2016-12-22,2017-03-27,87
384,2016-12-22,2017-02-23,87
385,2016-12-22,2017-02-09,87
386,2016-12-22,2017-03-03,87
387,2016-12-22,2017-01-31,87
388,2016-12-22,2017-01-24,87
389,2016-12-22,2017-02-04,87
390,2016-12-22,2017-03-12,87
391,2016-12-22,2017-02-19,87
392,2016-12-22,2017-03-18,87
393,2016-12-22,2017-02-11,30
394,2016-12-22,,30
395,2016-12-22,2017-03-09,30
396,2016-12-22,,30
397,2016-12-22,,30
398,2016-12-22,,30
399,2016-12-22,,30
400,2016-12-22,2017-01-22,30
401,2016-12-22,,30
402,2016-12-23,2017-02-07,87
403,2016-12-23,2017-03-16,87
404,2016-12-23,2017-03-08,87
405,2016-12-23,2017-03-01,87
406,2016-12-23,2017-02-16,87
407,2016-12-23,2017-03-23,87
408,2016-12-23,2017-02-21,87
409,2016-12-23,2017-02-23,87
410,2016-12-23,2017-02-07,87
411,2016-12-23,2017-02-09,87
412,2016-12-23,2017-01-24,87
413,2016-12-23,,30
414,2016-12-23,,30
415,2016-12-23,,30
416,2016-12-23,,30
417,2016-12-23,,30
418,2016-12-23,,30
419,2016-12-23,,30
420,2016-12-23,2017-02-22,30
421,2016-12-23,,30
422,2016-12-23,,30
423,2016-12-23,,30
424,2016-12-23,,30
425,2016-12-24,2017-01-28,87
426,2016-12-24,2017-03-31,87
427,2016-12-24,2017-03-09,87
428,2016-12-24,2017-01-28,87
429,2016-12-24,2017-03-31,87
430,2016-12-24,2017-03-13,87
431,2016-12-24,,30
432,2016-12-24,,30
433,2016-12-24,2017-03-20,30
434,2016-12-24,,30
435,2016-12-24,,30
436,2016-12-24,2017-03-23,30
437,2016-12-24,,30
438,2016-12-24,,30
439,2016-12-25,,87
440,2016-12-25,2017-03-23,87
441,2016-12-25,2017-03-31,87
442,2016-12-25,2017-02-27,87
443,2016-12-25,2017-02-16,87
444,2016-12-25,,30
445,2016-12-25,2017-02-10,30
446,2016-12-25,2017-02-23,30
447,2016-12-25,,30
448,2016-12-25,2017-03-07,30
449,2016-12-26,2017-03-23,87
450,2016-12-26,2017-03-26,87
451,2016-12-26,2017-03-17,87
452,2016-12-26,,87
453,2016-12-26,,87
454,2016-12-26,2017-02-01,87
455,2016-12-26,2017-02-21,87
456,2016-12-26,2017-03-22,87
457,2016-12-26,2017-03-09,87
458,2016-12-26,2017-03-21,87
459,2016-12-26,2017-02-28,30
460,2016-12-26,,30
461,2016-12-26,,30
462,2016-12-26,2017-03-17,30
463,2016-12-26,2017-03-10,30
464,2016-12-26,,30
465,2016-12-26,,30
466,2016-12-26,,30
467,2016-12-26,,30
468,2016-12-27,2017-02-25,87
469,2016-12-27,2017-03-10,87
470,2016-12-27,2017-03-06,87
471,2016-12-27,2017-01-29,87
472,2016-12-27,2017-03-04,87
473,2016-12-27,2017-01-27,87
474,2016-12-27,2017-03-14,87
475,2016-12-27,2017-03-08,87
476,2016-12-27,2017-03-14,30
477,2016-12-27,2017-01-29,30
478,2016-12-27,,30
479,2016-12-27,,30
480,2016-12-27,2017-03-30,30
481,2016-12-27,,30
482,2016-12-27,,30
483,2016-12-27,,30
484,2016-12-27,,30
485,2016-12-27,,30
486,2016-12-27,2017-03-07,30
487,2016-12-28,,87
488,2016-12-28,2017-03-24,87
489,2016-12-28,2017-03-12,87
490,2016-12-28,,87
491,2016-12-28,2017-02-26,87
492,2016-12-28,2017-03-09,87
493,2016-12-28,2017-03-25,87
494,2016-12-28,2017-02-07,87
495,2016-12-28,,30
496,2016-12-28,,30
497,2016-12-28,,30
498,2016-12-28,2017-02-12,30
499,2016-12-28,,30
500,2016-12-28,,30
501,2016-12-28,,30
502,2016-12-28,2017-03-29,30
503,2016-12-29,2017-02-09,87
504,2016-12-29,2017-02-07,87
505,2016-12-29,2017-03-18,87
506,2016-12-29,2017-02-24,87
507,2016-12-29,,87
508,2016-12-29,2017-03-27,87
509,2016-12-29,,87
510,2016-12-29,2017-03-29,87
511,2016-12-29,2017-02-27,87
512,2016-12-29,2017-02-14,87
513,2016-12-29,2017-02-24,30
514,2016-12-29,,30
515,2016-12-29,,30
516,2016-12-29,,30
517,2016-12-29,,30
518,2016-12-29,,30
519,2016-12-29,2017-02-10,30
520,2016-12-29,,30
521,2016-12-29,,30
522,2016-12-29,2017-01-29,30
523,2016-12-29,,30
524,2016-12-30,2017-03-28,87
525,2016-12-30,2017-02-23,87
526,2016-12-30,2017-02-06,87
527,2016-12-30,2017-03-12,87
528,2016-12-30,2017-02-04,87
529,2016-12-30,2017-03-10,87
530,2016-12-30,2017-03-06,87
531,2016-12-30,,30
532,2016-12-30,,30
533,2016-12-30,,30
534,2016-12-30,,30
535,2016-12-30,,30
536,2016-12-30,,30
537,2016-12-30,,30
538,2016-12-30,,30
539,2016-12-30,,30
540,2016-12-30,,30
541,2016-12-30,2017-03-03,30
542,2016-12-30,2017-01-30,30
543,2016-12-31,2017-03-13,87
544,2016-12-31,2017-03-19,87
545,2016-12-31,2017-03-12,87
546,2016-12-31,2017-03-17,87
547,2016-12-31,,87
548,2016-12-31,2017-02-01,87
549,2016-12-31,2017-02-04,87
550,2016-12-31,2017-02-10,87
551,2016-12-31,,87
552,2016-12-31,2017-02-02,87
553,2016-12-31,,30
554,2016-12-31,,30
555,2016-12-31,2017-03-05,30
556,2016-12-31,,30
557,2016-12-31,,30
558,2016-12-31,,30
559,2016-12-31,,30
560,2016-12-31,,30
561,2016-12-31,,30
562,2016-12-31,,30
563,2016-12-31,2017-03-02,30
564,2016-12-31,2017-02-23,30
565,2016-12-31,,30
566,2016-12-31,,30
567,2016-12-31,2017-02-13,30
568,2016-12-31,,30
569,2016-12-31,,30
570,2016-12-31,,30
571,2017-01-01,2017-03-24,87
572,2017-01-01,2017-03-18,87
573,2017-01-01,2017-03-02,87
574,2017-01-01,2017-02-18,87
575,2017-01-01,2017-02-14,87
576,2017-01-01,2017-03-28,87
577,2017-01-01,2017-03-13,30
578,2017-01-01,,30
579,2017-01-01,,30
580,2017-01-01,,30
581,2017-01-01,2017-03-13,30
582,2017-01-01,,30
583,2017-01-02,2017-03-17,87
584,2017-01-02,2017-02-04,87
585,2017-01-02,2017-02-16,87
586,2017-01-02,2017-03-06,87
587,2017-01-02,,87
588,2017-01-02,,30
589,2017-01-02,,30
590,2017-01-02,,30
591,2017-01-02,,30
592,2017-01-02,,30
593,2017-01-02,,30
594,2017-01-02,,30
595,2017-01-02,,30
596,2017-01-02,,30
597,2017-01-02,2017-03-29,30
598,2017-01-03,2017-02-21,87
599,2017-01-03,2017-02-20,87
600,2017-01-03,2017-03-19,87
601,2017-01-03,2017-03-14,87
602,2017-01-03,2017-02-18,87
603,2017-01-03,,87
604,2017-01-03,2017-02-28,87
605,2017-01-03,2017-02-20,30
606,2017-01-03,,30
607,2017-01-03,2017-03-07,30
608,2017-01-03,,30
609,2017-01-03,,30
610,2017-01-03,,30
611,2017-01-03,,30
612,2017-01-03,2017-02-24,30
613,2017-01-03,,30
614,2017-01-03,,30
615,2017-01-04,2017-03-12,87
616,2017-01-04,2017-03-27,87
617,2017-01-04,2017-02-27,87
618,2017-01-04,2017-03-22,87
619,2017-01-04,,87
620,2017-01-04,2017-02-12,87
621,2017-01-04,2017-02-15,87
622,2017-01-04,2017-02-12,87
623,2017-01-04,,87
624,2017-01-04,2017-02-09,87
625,2017-01-04,2017-03-20,87
626,2017-01-04,2017-02-12,30
627,2017-01-04,,30
628,2017-01-04,2017-03-08,30
629,2017-01-04,,30
630,2017-01-04,,30
631,2017-01-04,,30
632,2017-01-04,2017-03-15,30
633,2017-01-04,,30
634,2017-01-04,,30
635,2017-01-04,,30
636,2017-01-04,,30
637,2017-01-04,,30
638,2017-01-05,2017-02-10,87
639,2017-01-05,2017-03-05,87
640,2017-01-05,2017-02-23,87
641,2017-01-05,,87
642,2017-01-05,2017-02-20,87
643,2017-01-05,2017-03-30,87
644,2017-01-05,,30
645,2017-01-05,,30
646,2017-01-05,,30
647,2017-01-06,2017-03-31,87
648,2017-01-06,2017-02-10,87
649,2017-01-06,2017-03-04,87
650,2017-01-06,2017-03-01,87
651,2017-01-06,2017-03-18,87
652,2017-01-06,2017-03-09,87
653,2017-01-06,2017-02-16,87
654,2017-01-06,2017-02-25,87
655,2017-01-06,2017-03-16,87
656,2017-01-06,2017-03-04,87
657,2017-01-06,,30
658,2017-01-06,,30
659,2017-01-06,2017-03-30,30
660,2017-01-06,,30
661,2017-01-06,,30
662,2017-01-06,2017-03-16,30
663,2017-01-06,,30
664,2017-01-06,,30
665,2017-01-07,,87
666,2017-01-07,2017-03-14,87
667,2017-01-07,,87
668,2017-01-07,2017-03-03,87
669,2017-01-07,,87
670,2017-01-07,2017-03-18,87
671,2017-01-07,,30
672,2017-01-07,,30
673,2017-01-07,,30
674,2017-01-08,2017-03-11,87
675,2017-01-08,,87
676,2017-01-08,2017-03-10,87
677,2017-01-08,2017-03-24,87
678,2017-01-08,,87
679,2017-01-08,2017-03-21,87
680,2017-01-08,,87
681,2017-01-08,2017-03-08,87
682,2017-01-08,,87
683,2017-01-08,,87
684,2017-01-08,,30
685,2017-01-08,,30
686,2017-01-08,2017-02-12,30
687,2017-01-08,2017-03-02,30
688,2017-01-08,2017-03-31,30
689,2017-01-08,,30
690,2017-01-09,2017-02-28,87
691,2017-01-09,2017-03-21,87
692,2017-01-09,,87
693,2017-01-09,2017-03-05,87
694,2017-01-09,,87
695,2017-01-09,2017-02-20,87
696,2017-01-09,2017-02-17,87
697,2017-01-09,,30
698,2017-01-09,,30
699,2017-01-09,,30
700,2017-01-09,,30
701,2017-01-09,,30
702,2017-01-10,2017-03-03,87
703,2017-01-10,2017-03-28,87
704,2017-01-10,2017-02-23,87
705,2017-01-10,2017-03-04,87
706,2017-01-10,2017-03-06,87
707,2017-01-10,2017-03-01,87
708,2017-01-10,2017-02-22,87
709,2017-01-10,2017-02-19,87
710,2017-01-10,2017-03-07,87
711,2017-01-10,,30
712,2017-01-10,,30
713,2017-01-10,,30
714,2017-01-10,,30
715,2017-01-10,,30
716,2017-01-10,,30
717,2017-01-10,,30
718,2017-01-10,2017-03-06,30
719,2017-01-11,2017-03-09,87
720,2017-01-11,,87
721,2017-01-11,2017-03-11,87
722,2017-01-11,,87
723,2017-01-11,2017-03-03,87
724,2017-01-11,,30
725,2017-01-11,,30
726,2017-01-11,,30
727,2017-01-11,,30
728,2017-01-11,,30
729,2017-01-11,,30
730,2017-01-11,,30
731,2017-01-12,2017-03-04,87
732,2017-01-12,,87
733,2017-01-12,2017-02-24,87
734,2017-01-12,2017-03-11,87
735,2017-01-12,,87
736,2017-01-12,,87
737,2017-01-12,,87
738,2017-01-12,,87
739,2017-01-12,2017-02-26,87
740,2017-01-12,2017-02-21,87
741,2017-01-12,2017-03-11,87
742,2017-01-12,,30
743,2017-01-12,,30
744,2017-01-12,,30
745,2017-01-12,2017-03-22,30
746,2017-01-12,,30
747,2017-01-12,,30
748,2017-01-12,,30
749,2017-01-12,,30
750,2017-01-12,,30
751,2017-01-12,2017-03-27,30
752,2017-01-12,,30
753,2017-01-12,2017-03-04,30
754,2017-01-12,,30
755,2017-01-12,,30
756,2017-01-12,,30
757,2017-01-13,2017-03-09,87
758,2017-01-13,2017-02-17,87
759,2017-01-13,2017-02-18,87
760,2017-01-13,,87
761,2017-01-13,2017-03-28,87
762,2017-01-13,2017-03-27,87
763,2017-01-13,,87
764,2017-01-13,2017-02-24,87
765,2017-01-13,2017-03-26,87
766,2017-01-13,2017-02-17,87
767,2017-01-13,2017-03-18,87
768,2017-01-13,,87
769,2017-01-13,,87
770,2017-01-13,,30
771,2017-01-13,,30
772,2017-01-13,,30
773,2017-01-13,,30
774,2017-01-13,,30
775,2017-01-13,,30
776,2017-01-13,2017-03-26,30
777,2017-01-13,,30
778,2017-01-13,,30
779,2017-01-13,,30
780,2017-01-13,,30
781,2017-01-13,,30
782,2017-01-14,,87
783,2017-01-14,2017-02-14,87
784,2017-01-14,2017-03-16,87
785,2017-01-14,,87
786,2017-01-14,2017-03-15,87
787,2017-01-14,2017-03-09,87
788,2017-01-14,2017-02-18,87
789,2017-01-14,,87
790,2017-01-14,2017-02-26,87
791,2017-01-14,,87
792,2017-01-14,,87
793,2017-01-14,,30
794,2017-01-14,2017-02-27,30
795,2017-01-14,,30
796,2017-01-14,,30
797,2017-01-14,,30
798,2017-01-15,2017-03-30,87
799,2017-01-15,2017-03-12,87
800,2017-01-15,2017-03-23,87
801,2017-01-15,2017-02-18,87
802,2017-01-15,2017-03-10,87
803,2017-01-15,2017-03-14,87
804,2017-01-15,,87
805,2017-01-15,,87
806,2017-01-15,,30
807,2017-01-15,,30
808,2017-01-15,,30
809,2017-01-15,,30
810,2017-01-15,,30
811,2017-01-15,,30
812,2017-01-15,,30
813,2017-01-15,,30
814,2017-01-15,2017-03-17,30
815,2017-01-15,,30
816,2017-01-16,2017-02-24,87
817,2017-01-16,,87
818,2017-01-16,2017-02-23,87
819,2017-01-16,2017-03-24,87
820,2017-01-16,2017-02-16,87
821,2017-01-16,2017-02-25,87
822,2017-01-16,,87
823,2017-01-16,2017-03-01,87
824,2017-01-16,2017-03-15,87
825,2017-01-16,2017-02-20,87
826,2017-01-16,,30
827,2017-01-16,,30
828,2017-01-16,,30
829,2017-01-16,,30
830,2017-01-16,,30
831,2017-01-16,,30
832,2017-01-16,,30
833,2017-01-16,,30
834,2017-01-16,,30
835,2017-01-16,,30
836,2017-01-16,,30
837,2017-01-17,2017-02-21,87
838,2017-01-17,2017-03-02,87
839,2017-01-17,2017-03-31,87
840,2017-01-17,2017-02-19,87
841,2017-01-17,2017-03-01,87
842,2017-01-17,2017-03-10,87
843,2017-01-17,,87
844,2017-01-17,2017-03-27,87
845,2017-01-17,2017-03-15,87
846,2017-01-17,,30
847,2017-01-17,,30
848,2017-01-17,,30
849,2017-01-17,,30
850,2017-01-17,,30
851,2017-01-17,,30
852,2017-01-17,,30
853,2017-01-17,2017-02-17,30
854,2017-01-17,,30
855,2017-01-18,,87
856,2017-01-18,,87
857,2017-01-18,,87
858,2017-01-18,,87
859,2017-01-18,,30
860,2017-01-18,,30
861,2017-01-18,2017-03-15,30
862,2017-01-18,,30
863,2017-01-18,,30
864,2017-01-18,,30
865,2017-01-18,,30
866,2017-01-18,,30
867,2017-01-19,,87
868,2017-01-19,,87
869,2017-01-19,2017-03-23,87
870,2017-01-19,,87
871,2017-01-19,2017-03-04,87
872,2017-01-19,2017-02-28,87
873,2017-01-19,,87
874,2017-01-19,,30
875,2017-01-19,2017-03-14,30
876,2017-01-19,,30
877,2017-01-19,2017-03-10,30
878,2017-01-19,,30
879,2017-01-20,,87
880,2017-01-20,2017-03-19,87
881,2017-01-20,2017-03-22,87
882,2017-01-20,,87
883,2017-01-20,2017-03-01,87
884,2017-01-20,,87
885,2017-01-20,,87
886,2017-01-20,,87
887,2017-01-20,,30
888,2017-01-20,,30
889,2017-01-20,,30
890,2017-01-20,,30
891,2017-01-20,2017-03-07,30
892,2017-01-20,,30
893,2017-01-20,2017-03-13,30
894,2017-01-20,,30
895,2017-01-20,2017-03-27,30
896,2017-01-20,,30
897,2017-01-20,,30
898,2017-01-21,2017-03-09,87
899,2017-01-21,2017-03-16,87
900,2017-01-21,,87
901,2017-01-21,2017-03-18,87
902,2017-01-21,2017-02-24,87
903,2017-01-21,,87
904,2017-01-21,2017-03-21,87
905,2017-01-21,,30
906,2017-01-21,2017-02-22,30
907,2017-01-21,,30
908,2017-01-21,,30
909,2017-01-21,2017-03-15,30
910,2017-01-21,,30
911,2017-01-21,2017-03-13,30
912,2017-01-22,2017-02-27,87
913,2017-01-22,,87
914,2017-01-22,2017-03-03,87
915,2017-01-22,2017-03-21,87
916,2017-01-22,2017-02-24,87
917,2017-01-22,2017-03-12,87
918,2017-01-22,,87
919,2017-01-22,,30
920,2017-01-22,,30
921,2017-01-22,,30
922,2017-01-22,,30
923,2017-01-22,,30
924,2017-01-23,,87
925,2017-01-23,2017-03-23,87
926,2017-01-23,2017-03-05,87
927,2017-01-23,2017-03-19,87
928,2017-01-23,2017-03-10,87
929,2017-01-23,2017-03-10,87
930,2017-01-23,2017-03-14,87
931,2017-01-23,,30
932,2017-01-23,2017-03-08,30
933,2017-01-23,,30
934,2017-01-23,2017-03-12,30
935,2017-01-23,,30
936,2017-01-24,,87
937,2017-01-24,,87
938,2017-01-24,,87
939,2017-01-24,2017-03-16,87
940,2017-01-24,2017-02-27,87
941,2017-01-24,2017-03-20,87
942,2017-01-24,,87
943,2017-01-24,,87
944,2017-01-24,,87
945,2017-01-24,2017-03-28,87
946,2017-01-24,,87
947,2017-01-24,2017-03-17,87
948,2017-01-24,2017-03-13,87
949,2017-01-24,,87
950,2017-01-24,2017-03-15,87
951,2017-01-24,2017-03-23,30
952,2017-01-24,,30
953,2017-01-24,2017-03-15,30
954,2017-01-24,,30
955,2017-01-24,,30
956,2017-01-24,,30
957,2017-01-24,,30
958,2017-01-24,,30
959,2017-01-25,2017-03-08,87
960,2017-01-25,,87
961,2017-01-25,2017-03-11,87
962,2017-01-25,,87
963,2017-01-25,,87
964,2017-01-25,2017-03-20,87
965,2017-01-25,,87
966,2017-01-25,,87
967,2017-01-25,,87
968,2017-01-25,2017-03-18,87
969,2017-01-25,2017-03-01,87
970,2017-01-25,,87
971,2017-01-25,,30
972,2017-01-25,,30
973,2017-01-25,,30
974,2017-01-25,,30
975,2017-01-25,,30
976,2017-01-25,,30
977,2017-01-25,,30
978,2017-01-26,2017-03-23,87
979,2017-01-26,,87
980,2017-01-26,,87
981,2017-01-26,2017-03-20,87
982,2017-01-26,,87
983,2017-01-26,2017-03-21,87
984,2017-01-26,2017-03-25,87
985,2017-01-26,,87
986,2017-01-26,,30
987,2017-01-26,,30
988,2017-01-26,,30
989,2017-01-26,,30
990,2017-01-26,,30
991,2017-01-26,2017-02-26,30
992,2017-01-26,,30
993,2017-01-26,,30
994,2017-01-26,,30
995,2017-01-26,,30
996,2017-01-26,,30
997,2017-01-26,,30
998,2017-01-26,,30
999,2017-01-26,2017-03-05,30
1000,2017-01-26,,30
1001,2017-01-27,,87
1002,2017-01-27,2017-03-20,87
1003,2017-01-27,2017-03-15,87
1004,2017-01-27,,87
1005,2017-01-27,,87
1006,2017-01-27,2017-03-23,87
1007,2017-01-27,,87
1008,2017-01-27,,30
1009,2017-01-27,,30
1010,2017-01-27,,30
1011,2017-01-27,,30
1012,2017-01-27,,30
1013,2017-01-27,2017-03-09,30
1014,2017-01-27,,30
1015,2017-01-27,,30
1016,2017-01-28,2017-03-13,87
1017,2017-01-28,,87
1018,2017-01-28,2017-03-07,87
1019,2017-01-28,,87
1020,2017-01-28,2017-03-01,87
1021,2017-01-28,,87
1022,2017-01-28,2017-03-28,87
1023,2017-01-28,2017-03-30,87
1024,2017-01-28,2017-03-16,87
1025,2017-01-28,,87
1026,2017-01-28,2017-03-12,87
1027,2017-01-28,,30
1028,2017-01-28,,30
1029,2017-01-28,,30
1030,2017-01-28,,30
1031,2017-01-28,,30
1032,2017-01-28,,30
1033,2017-01-28,,30
1034,2017-01-28,,30
1035,2017-01-29,2017-03-08,87
1036,2017-01-29,,87
1037,2017-01-29,,87
1038,2017-01-29,2017-03-08,87
1039,2017-01-29,2017-03-14,87
1040,2017-01-29,,87
1041,2017-01-29,,87
1042,2017-01-29,2017-03-20,87
1043,2017-01-29,,87
1044,2017-01-29,,30
1045,2017-01-29,,30
1046,2017-01-29,2017-03-12,30
1047,2017-01-29,,30
1048,2017-01-29,,30
1049,2017-01-29,,30
1050,2017-01-29,,30
1051,2017-01-29,,30
1052,2017-01-29,,30
1053,2017-01-29,,30
1054,2017-01-29,,30
1055,2017-01-30,2017-03-19,87
1056,2017-01-30,,87
1057,2017-01-30,,87
1058,2017-01-30,,87
1059,2017-01-30,,87
1060,2017-01-30,2017-03-16,87
1061,2017-01-30,2017-03-28,87
1062,2017-01-30,,30
1063,2017-01-30,,30
1064,2017-01-30,,30
1065,2017-01-30,,30
1066,2017-01-30,,30
1067,2017-01-31,,87
1068,2017-01-31,,87
1069,2017-01-31,,87
1070,2017-01-31,2017-03-05,87
1071,2017-01-31,,87
1072,2017-01-31,,30
1073,2017-01-31,,30
1074,2017-01-31,2017-03-14,30
1075,2017-01-31,,30
1076,2017-01-31,,30
1077,2017-01-31,,30
1078,2017-02-01,,87
1079,2017-02-01,,87
1080,2017-02-01,,87
1081,2017-02-01,,87
1082,2017-02-01,,30
1083,2017-02-01,,30
1084,2017-02-01,,30
1085,2017-02-01,,30
1086,2017-02-01,2017-03-23,30
1087,2017-02-01,,30
1088,2017-02-01,,30
1089,2017-02-01,2017-03-23,30
1090,2017-02-01,,30
1091,2017-02-01,,30
1092,2017-02-02,,87
1093,2017-02-02,2017-03-05,87
1094,2017-02-02,,87
1095,2017-02-02,,87
1096,2017-02-02,,87
1097,2017-02-02,2017-03-15,87
1098,2017-02-02,2017-03-06,87
1099,2017-02-02,,87
1100,2017-02-02,,30
1101,2017-02-02,,30
1102,2017-02-02,,30
1103,2017-02-02,,30
1104,2017-02-02,2017-03-25,30
1105,2017-02-02,,30
1106,2017-02-02,,30
1107,2017-02-02,,30
1108,2017-02-03,2017-03-09,87
1109,2017-02-03,,87
1110,2017-02-03,,87
1111,2017-02-03,2017-03-07,87
1112,2017-02-03,2017-03-10,87
1113,2017-02-03,2017-03-16,87
1114,2017-02-03,2017-03-08,87
1115,2017-02-03,,87
1116,2017-02-03,,87
1117,2017-02-03,,30
1118,2017-02-03,,30
1119,2017-02-03,,30
1120,2017-02-03,,30
1121,2017-02-03,,30
1122,2017-02-03,,30
1123,2017-02-03,,30
1124,2017-02-03,,30
1125,2017-02-04,,87
1126,2017-02-04,2017-03-21,87
1127,2017-02-04,,87
1128,2017-02-04,,87
1129,2017-02-04,2017-03-31,87
1130,2017-02-04,2017-03-26,87
1131,2017-02-04,,87
1132,2017-02-04,,87
1133,2017-02-04,,30
1134,2017-02-04,,30
1135,2017-02-04,,30
1136,2017-02-04,,30
1137,2017-02-04,,30
1138,2017-02-04,,30
1139,2017-02-04,,30
1140,2017-02-05,,87
1141,2017-02-05,,87
1142,2017-02-05,2017-03-30,87
1143,2017-02-05,,87
1144,2017-02-05,,87
1145,2017-02-05,,87
1146,2017-02-05,2017-03-13,30
1147,2017-02-05,,30
1148,2017-02-05,2017-03-29,30
1149,2017-02-05,,30
1150,2017-02-05,,30
1151,2017-02-05,,30
1152,2017-02-06,,87
1153,2017-02-06,,87
1154,2017-02-06,2017-03-18,87
1155,2017-02-06,,87
1156,2017-02-06,2017-03-24,87
1157,2017-02-06,2017-03-30,87
1158,2017-02-06,,87
1159,2017-02-06,,87
1160,2017-02-06,,87
1161,2017-02-06,2017-03-31,87
1162,2017-02-06,,30
1163,2017-02-06,,30
1164,2017-02-06,,30
1165,2017-02-06,,30
1166,2017-02-06,,30
1167,2017-02-06,,30
1168,2017-02-06,,30
1169,2017-02-06,,30
1170,2017-02-07,,87
1171,2017-02-07,,87
1172,2017-02-07,,87
1173,2017-02-07,,87
1174,2017-02-07,,87
1175,2017-02-07,2017-03-28,87
1176,2017-02-07,,87
1177,2017-02-07,,30
1178,2017-02-07,,30
1179,2017-02-07,,30
1180,2017-02-07,,30
1181,2017-02-07,,30
1182,2017-02-07,,30
1183,2017-02-07,,30
1184,2017-02-07,,30
1185,2017-02-07,2017-03-15,30
1186,2017-02-07,2017-03-18,30
1187,2017-02-08,,87
1188,2017-02-08,,87
1189,2017-02-08,,87
1190,2017-02-08,,87
1191,2017-02-08,2017-03-22,87
1192,2017-02-08,,87
1193,2017-02-08,,87
1194,2017-02-08,,87
1195,2017-02-08,,30
1196,2017-02-08,,30
1197,2017-02-08,,30
1198,2017-02-08,,30
1199,2017-02-08,,30
1200,2017-02-08,,30
1201,2017-02-08,,30
1202,2017-02-08,2017-03-28,30
1203,2017-02-08,,30
1204,2017-02-09,,87
1205,2017-02-09,,87
1206,2017-02-09,2017-03-31,87
1207,2017-02-09,2017-03-23,87
1208,2017-02-09,,87
1209,2017-02-09,2017-03-19,87
1210,2017-02-09,2017-03-17,87
1211,2017-02-09,,87
1212,2017-02-09,,30
1213,2017-02-09,,30
1214,2017-02-09,,30
1215,2017-02-09,,30
1216,2017-02-09,,30
1217,2017-02-09,,30
1218,2017-02-09,,30
1219,2017-02-09,,30
1220,2017-02-09,,30
1221,2017-02-09,2017-03-15,30
1222,2017-02-09,,30
1223,2017-02-10,,87
1224,2017-02-10,2017-03-29,87
1225,2017-02-10,,87
1226,2017-02-10,,87
1227,2017-02-10,,87
1228,2017-02-10,2017-03-24,87
1229,2017-02-10,2017-03-22,87
1230,2017-02-10,,30
1231,2017-02-10,,30
1232,2017-02-10,,30
1233,2017-02-10,,30
1234,2017-02-10,,30
1235,2017-02-10,,30
1236,2017-02-10,,30
1237,2017-02-10,,30
1238,2017-02-10,,30
1239,2017-02-10,,30
1240,2017-02-11,,87
1241,2017-02-11,,87
1242,2017-02-11,,87
1243,2017-02-11,,87
1244,2017-02-11,,87
1245,2017-02-11,,87
1246,2017-02-11,2017-03-21,87
1247,2017-02-11,,87
1248,2017-02-11,,87
1249,2017-02-11,,30
1250,2017-02-11,,30
1251,2017-02-11,,30
1252,2017-02-11,,30
1253,2017-02-11,,30
1254,2017-02-11,,30
1255,2017-02-11,,30
1256,2017-02-11,2017-03-23,30
1257,2017-02-11,,30
1258,2017-02-11,,30
1259,2017-02-11,,30
1260,2017-02-12,,87
1261,2017-02-12,,87
1262,2017-02-12,,87
1263,2017-02-12,,87
1264,2017-02-12,2017-03-15,87
1265,2017-02-12,2017-03-25,87
1266,2017-02-12,,87
1267,2017-02-12,,87
1268,2017-02-12,,87
1269,2017-02-12,,30
1270,2017-02-12,,30
1271,2017-02-12,,30
1272,2017-02-12,,30
1273,2017-02-12,,30
1274,2017-02-12,,30
1275,2017-02-12,,30
1276,2017-02-12,,30
1277,2017-02-13,,87
1278,2017-02-13,,87
1279,2017-02-13,,87
1280,2017-02-13,2017-03-30,87
1281,2017-02-13,,30
1282,2017-02-13,,30
1283,2017-02-13,,30
1284,2017-02-13,,30
1285,2017-02-13,,30
1286,2017-02-13,,30
1287,2017-02-13,,30
1288,2017-02-14,,87
1289,2017-02-14,,87
1290,2017-02-14,2017-03-21,87
1291,2017-02-14,2017-03-30,87
1292,2017-02-14,,87
1293,2017-02-14,,87
1294,2017-02-14,,87
1295,2017-02-14,2017-03-31,87
1296,2017-02-14,,30
1297,2017-02-14,,30
1298,2017-02-14,,30
1299,2017-02-14,,30
1300,2017-02-14,,30
1301,2017-02-14,,30
1302,2017-02-14,,30
1303,2017-02-14,,30
1304,2017-02-14,,30
1305,2017-02-15,2017-03-31,87
1306,2017-02-15,2017-03-18,87
1307,2017-02-15,,87
1308,2017-02-15,,87
1309,2017-02-15,,87
1310,2017-02-15,,87
1311,2017-02-15,,30
1312,2017-02-15,,30
1313,2017-02-15,,30
1314,2017-02-15,,30
1315,2017-02-15,,30
1316,2017-02-15,,30
1317,2017-02-15,,30
1318,2017-02-16,,87
1319,2017-02-16,,87
1320,2017-02-16,,87
1321,2017-02-16,,87
1322,2017-02-16,,30
1323,2017-02-16,2017-03-25,30
1324,2017-02-16,2017-03-23,30
1325,2017-02-16,,30
1326,2017-02-16,,30
1327,2017-02-16,2017-03-22,30
1328,2017-02-16,,30
1329,2017-02-16,,30
1330,2017-02-17,,87
1331,2017-02-17,2017-03-26,87
1332,2017-02-17,,87
1333,2017-02-17,,87
1334,2017-02-17,,87
1335,2017-02-17,,87
1336,2017-02-17,,30
1337,2017-02-17,,30
1338,2017-02-17,,30
1339,2017-02-17,,30
1340,2017-02-17,,30
1341,2017-02-17,,30
1342,2017-02-17,,30
1343,2017-02-17,,30
1344,2017-02-17,,30
1345,2017-02-18,,87
1346,2017-02-18,2017-03-24,87
1347,2017-02-18,,87
1348,2017-02-18,2017-03-25,87
1349,2017-02-18,,87
1350,2017-02-18,,30
1351,2017-02-18,,30
1352,2017-02-18,,30
1353,2017-02-18,2017-03-27,30
1354,2017-02-18,,30
1355,2017-02-18,2017-03-31,30
1356,2017-02-18,,30
1357,2017-02-18,,30
1358,2017-02-18,,30
1359,2017-02-18,,30
1360,2017-02-19,,87
1361,2017-02-19,,87
1362,2017-02-19,,87
1363,2017-02-19,,87
1364,2017-02-19,,87
1365,2017-02-19,,87
1366,2017-02-19,,87
1367,2017-02-19,,87
1368,2017-02-19,,87
1369,2017-02-19,,30
1370,2017-02-19,,30
1371,2017-02-19,,30
1372,2017-02-19,,30
1373,2017-02-19,,30
1374,2017-02-19,,30
1375,2017-02-19,,30
1376,2017-02-19,,30
1377,2017-02-19,,30
1378,2017-02-20,,87
1379,2017-02-20,,87
1380,2017-02-20,,87
1381,2017-02-20,2017-03-29,87
1382,2017-02-20,,87
1383,2017-02-20,,87
1384,2017-02-20,,87
1385,2017-02-20,,87
1386,2017-02-20,,87
1387,2017-02-20,,87
1388,2017-02-20,2017-03-27,87
1389,2017-02-20,,87
1390,2017-02-20,,30
1391,2017-02-20,,30
1392,2017-02-20,,30
1393,2017-02-20,,30
1394,2017-02-20,,30
1395,2017-02-20,,30
1396,2017-02-20,,30
1397,2017-02-21,,87
1398,2017-02-21,,87
1399,2017-02-21,,87
1400,2017-02-21,,87
1401,2017-02-21,,87
1402,2017-02-21,,87
1403,2017-02-21,,30
1404,2017-02-21,,30
1405,2017-02-21,,30
1406,2017-02-21,,30
1407,2017-02-21,,30
1408,2017-02-21,,30
1409,2017-02-21,,30
1410,2017-02-21,,30
1411,2017-02-21,,30
1412,2017-02-21,,30
1413,2017-02-22,,87
1414,2017-02-22,,87
1415,2017-02-22,,87
1416,2017-02-22,,87
1417,2017-02-22,,87
1418,2017-02-22,,30
1419,2017-02-22,,30
1420,2017-02-22,,30
1421,2017-02-22,,30
1422,2017-02-23,,87
1423,2017-02-23,,87
1424,2017-02-23,,87
1425,2017-02-23,,87
1426,2017-02-23,,87
1427,2017-02-23,2017-03-31,87
1428,2017-02-23,,87
1429,2017-02-23,,87
1430,2017-02-23,,87
1431,2017-02-23,,87
1432,2017-02-23,,87
1433,2017-02-23,,87
1434,2017-02-23,,87
1435,2017-02-23,,30
1436,2017-02-23,,30
1437,2017-02-23,,30
1438,2017-02-23,,30
1439,2017-02-23,,30
1440,2017-02-23,,30
1441,2017-02-24,,87
1442,2017-02-24,,87
1443,2017-02-24,,87
1444,2017-02-24,,87
1445,2017-02-24,,87
1446,2017-02-24,,87
1447,2017-02-24,,30
1448,2017-02-24,,30
1449,2017-02-24,,30
1450,2017-02-24,,30
1451,2017-02-24,,30
1452,2017-02-24,,30
1453,2017-02-25,,87
1454,2017-02-25,,87
1455,2017-02-25,,87
1456,2017-02-25,,87
1457,2017-02-25,,87
1458,2017-02-25,,87
1459,2017-02-25,,87
1460,2017-02-25,,87
1461,2017-02-25,,87
1462,2017-02-25,,87
1463,2017-02-25,,87
1464,2017-02-25,,30
1465,2017-02-25,,30
1466,2017-02-25,,30
1467,2017-02-25,,30
1468,2017-02-25,,30
1469,2017-02-25,,30
1470,2017-02-25,,30
1471,2017-02-25,,30
1472,2017-02-25,,30
1473,2017-02-26,,87
1474,2017-02-26,2017-03-29,87
1475,2017-02-26,,87
1476,2017-02-26,,87
1477,2017-02-26,,87
1478,2017-02-26,,87
1479,2017-02-26,,87
1480,2017-02-26,,87
1481,2017-02-26,,87
1482,2017-02-26,,30
1483,2017-02-26,,30
1484,2017-02-26,,30
1485,2017-02-26,,30
1486,2017-02-26,,30
1487,2017-02-26,,30
1488,2017-02-26,,30
1489,2017-02-27,,87
1490,2017-02-27,,87
1491,2017-02-27,,87
1492,2017-02-27,,87
1493,2017-02-27,,87
1494,2017-02-27,,87
1495,2017-02-27,,87
1496,2017-02-27,2017-03-30,87
1497,2017-02-27,,87
1498,2017-02-27,,87
1499,2017-02-27,,87
1500,2017-02-27,,30
1501,2017-02-27,,30
1502,2017-02-27,,30
1503,2017-02-27,,30
1504,2017-02-27,,30
1505,2017-02-27,,30
1506,2017-02-27,,30
1507,2017-02-27,,30
1508,2017-02-27,,30
1509,2017-02-27,,30
1510,2017-02-27,,30
1511,2017-02-27,,30
1512,2017-02-27,,30
1513,2017-02-28,,87
1514,2017-02-28,,87
1515,2017-02-28,,87
1516,2017-02-28,,87
1517,2017-02-28,,87
1518,2017-02-28,,87
1519,2017-02-28,,87
1520,2017-02-28,,87
1521,2017-02-28,,87
1522,2017-02-28,,87
1523,2017-02-28,,87
1524,2017-02-28,,87
1525,2017-02-28,,87
1526,2017-02-28,,87
1527,2017-02-28,,30
1528,2017-02-28,,30
1529,2017-02-28,,30
1530,2017-02-28,,30
1531,2017-02-28,,30
1532,2017-02-28,,30
1533,2017-02-28,,30
1534,2017-02-28,,30
1535,2017-02-28,,30
1536,2017-02-28,,30
1537,2017-02-28,,30
1538,2017-03-01,,87
1539,2017-03-01,,87
1540,2017-03-01,,87
1541,2017-03-01,,87
1542,2017-03-01,,87
1543,2017-03-01,,87
1544,2017-03-01,,87
1545,2017-03-01,,87
1546,2017-03-01,,87
1547,2017-03-01,,87
1548,2017-03-01,,87
1549,2017-03-01,,87
1550,2017-03-01,,30
1551,2017-03-01,,30
1552,2017-03-01,,30
1553,2017-03-01,,30
1554,2017-03-01,,30
1555,2017-03-01,,30
1556,2017-03-01,,30
1557,2017-03-01,,30
1558,2017-03-01,,30
1559,2017-03-02,,87
1560,2017-03-02,,87
1561,2017-03-02,,87
1562,2017-03-02,,87
1563,2017-03-02,,87
1564,2017-03-02,,30
1565,2017-03-02,,30
1566,2017-03-02,,30
1567,2017-03-02,,30
1568,2017-03-02,,30
1569,2017-03-03,,87
1570,2017-03-03,,87
1571,2017-03-03,,30
1572,2017-03-03,,30
1573,2017-03-03,,30
1574,2017-03-03,,30
1575,2017-03-03,,30
1576,2017-03-03,,30
1577,2017-03-03,,30
1578,2017-03-03,,30
1579,2017-03-03,,30
1580,2017-03-03,,30
1581,2017-03-03,,30
1582,2017-03-03,,30
1583,2017-03-04,,87
1584,2017-03-04,,87
1585,2017-03-04,,87
1586,2017-03-04,,87
1587,2017-03-04,,87
1588,2017-03-04,,87
1589,2017-03-04,,30
1590,2017-03-04,,30
1591,2017-03-04,,30
1592,2017-03-04,,30
1593,2017-03-04,,30
1594,2017-03-04,,30
1595,2017-03-04,,30
1596,2017-03-04,,30
1597,2017-03-04,,30
1598,2017-03-04,,30
1599,2017-03-05,,87
1600,2017-03-05,,87
1601,2017-03-05,,87
1602,2017-03-05,,87
1603,2017-03-05,,87
1604,2017-03-05,,30
1605,2017-03-05,,30
1606,2017-03-05,,30
1607,2017-03-05,,30
1608,2017-03-05,,30
1609,2017-03-05,,30
1610,2017-03-06,,87
1611,2017-03-06,,87
1612,2017-03-06,,87
1613,2017-03-06,,87
1614,2017-03-06,,87
1615,2017-03-06,,30
1616,2017-03-06,,30
1617,2017-03-06,,30
1618,2017-03-06,,30
1619,2017-03-06,,30
1620,2017-03-06,,30
1621,2017-03-06,,30
1622,2017-03-06,,30
1623,2017-03-06,,30
1624,2017-03-06,,30
1625,2017-03-07,,87
1626,2017-03-07,,87
1627,2017-03-07,,87
1628,2017-03-07,,87
1629,2017-03-07,,87
1630,2017-03-07,,87
1631,2017-03-07,,87
1632,2017-03-07,,87
1633,2017-03-07,,87
1634,2017-03-07,,30
1635,2017-03-07,,30
1636,2017-03-07,,30
1637,2017-03-07,,30
1638,2017-03-07,,30
1639,2017-03-07,,30
1640,2017-03-07,,30
1641,2017-03-07,,30
1642,2017-03-08,,87
1643,2017-03-08,,87
1644,2017-03-08,,87
1645,2017-03-08,,87
1646,2017-03-08,,87
1647,2017-03-08,,87
1648,2017-03-08,,87
1649,2017-03-08,,87
1650,2017-03-08,,87
1651,2017-03-08,,30
1652,2017-03-08,,30
1653,2017-03-08,,30
1654,2017-03-08,,30
1655,2017-03-08,,30
1656,2017-03-08,,30
1657,2017-03-09,,87
1658,2017-03-09,,87
1659,2017-03-09,,87
1660,2017-03-09,,87
1661,2017-03-09,,87
1662,2017-03-09,,87
1663,2017-03-09,,87
1664,2017-03-09,,87
1665,2017-03-09,,87
1666,2017-03-09,,87
1667,2017-03-09,,87
1668,2017-03-09,,87
1669,2017-03-09,,87
1670,2017-03-09,,30
1671,2017-03-09,,30
1672,2017-03-09,,30
1673,2017-03-09,,30
1674,2017-03-09,,30
1675,2017-03-09,,30
1676,2017-03-09,,30
1677,2017-03-09,,30
1678,2017-03-10,,87
1679,2017-03-10,,87
1680,2017-03-10,,87
1681,2017-03-10,,87
1682,2017-03-10,,87
1683,2017-03-10,,87
1684,2017-03-10,,87
1685,2017-03-10,,87
1686,2017-03-10,,30
1687,2017-03-10,,30
1688,2017-03-10,,30
1689,2017-03-10,,30
1690,2017-03-10,,30
1691,2017-03-10,,30
1692,2017-03-10,,30
1693,2017-03-10,,30
1694,2017-03-11,,87
1695,2017-03-11,,87
1696,2017-03-11,,87
1697,2017-03-11,,87
1698,2017-03-11,,87
1699,2017-03-11,,87
1700,2017-03-11,,87
1701,2017-03-11,,30
1702,2017-03-11,,30
1703,2017-03-11,,30
1704,2017-03-11,,30
1705,2017-03-12,,87
1706,2017-03-12,,87
1707,2017-03-12,,87
1708,2017-03-12,,87
1709,2017-03-12,,87
1710,2017-03-12,,87
1711,2017-03-12,,87
1712,2017-03-12,,87
1713,2017-03-12,,87
1714,2017-03-12,,87
1715,2017-03-12,,30
1716,2017-03-12,,30
1717,2017-03-12,,30
1718,2017-03-12,,30
1719,2017-03-12,,30
1720,2017-03-12,,30
1721,2017-03-12,,30
1722,2017-03-13,,87
1723,2017-03-13,,87
1724,2017-03-13,,87
1725,2017-03-13,,87
1726,2017-03-13,,87
1727,2017-03-13,,30
1728,2017-03-13,,30
1729,2017-03-13,,30
1730,2017-03-13,,30
1731,2017-03-13,,30
1732,2017-03-13,,30
1733,2017-03-13,,30
1734,2017-03-13,,30
1735,2017-03-13,,30
1736,2017-03-13,,30
1737,2017-03-13,,30
1738,2017-03-13,,30
1739,2017-03-14,,87
1740,2017-03-14,,87
1741,2017-03-14,,87
1742,2017-03-14,,87
1743,2017-03-14,,87
1744,2017-03-14,,87
1745,2017-03-14,,87
1746,2017-03-14,,87
1747,2017-03-14,,30
1748,2017-03-14,,30
1749,2017-03-14,,30
1750,2017-03-14,,30
1751,2017-03-14,,30
1752,2017-03-14,,30
1753,2017-03-14,,30
1754,2017-03-14,,30
1755,2017-03-14,,30
1756,2017-03-14,,30
1757,2017-03-14,,30
1758,2017-03-14,,30
1759,2017-03-15,,87
1760,2017-03-15,,87
1761,2017-03-15,,87
1762,2017-03-15,,87
1763,2017-03-15,,87
1764,2017-03-15,,87
1765,2017-03-15,,87
1766,2017-03-15,,87
1767,2017-03-15,,87
1768,2017-03-15,,87
1769,2017-03-15,,87
1770,2017-03-15,,30
1771,2017-03-15,,30
1772,2017-03-15,,30
1773,2017-03-15,,30
1774,2017-03-15,,30
1775,2017-03-15,,30
1776,2017-03-16,,87
1777,2017-03-16,,87
1778,2017-03-16,,87
1779,2017-03-16,,87
1780,2017-03-16,,30
1781,2017-03-16,,30
1782,2017-03-16,,30
1783,2017-03-16,,30
1784,2017-03-16,,30
1785,2017-03-16,,30
1786,2017-03-16,,30
1787,2017-03-16,,30
1788,2017-03-16,,30
1789,2017-03-16,,30
1790,2017-03-16,,30
1791,2017-03-16,,30
1792,2017-03-16,,30
1793,2017-03-17,,87
1794,2017-03-17,,87
1795,2017-03-17,,87
1796,2017-03-17,,87
1797,2017-03-17,,87
1798,2017-03-17,,87
1799,2017-03-17,,87
1800,2017-03-17,,87
1801,2017-03-17,,87
1802,2017-03-17,,87
1803,2017-03-17,,87
1804,2017-03-17,,87
1805,2017-03-17,,87
1806,2017-03-17,,30
1807,2017-03-17,,30
1808,2017-03-17,,30
1809,2017-03-17,,30
1810,2017-03-17,,30
1811,2017-03-17,,30
1812,2017-03-18,,87
1813,2017-03-18,,87
1814,2017-03-18,,87
1815,2017-03-18,,87
1816,2017-03-18,,87
1817,2017-03-18,,87
1818,2017-03-18,,87
1819,2017-03-18,,87
1820,2017-03-18,,87
1821,2017-03-18,,30
1822,2017-03-18,,30
1823,2017-03-18,,30
1824,2017-03-18,,30
1825,2017-03-18,,30
1826,2017-03-18,,30
1827,2017-03-18,,30
1828,2017-03-18,,30
1829,2017-03-19,,87
1830,2017-03-19,,87
1831,2017-03-19,,87
1832,2017-03-19,,87
1833,2017-03-19,,87
1834,2017-03-19,,87
1835,2017-03-19,,87
1836,2017-03-19,,87
1837,2017-03-19,,30
1838,2017-03-19,,30
1839,2017-03-19,,30
1840,2017-03-20,,87
1841,2017-03-20,,87
1842,2017-03-20,,87
1843,2017-03-20,,87
1844,2017-03-20,,87
1845,2017-03-20,,87
1846,2017-03-20,,87
1847,2017-03-20,,87
1848,2017-03-20,,87
1849,2017-03-20,,87
1850,2017-03-20,,87
1851,2017-03-20,,87
1852,2017-03-20,,87
1853,2017-03-20,,87
1854,2017-03-20,,87
1855,2017-03-20,,87
1856,2017-03-20,,30
1857,2017-03-20,,30
1858,2017-03-20,,30
1859,2017-03-20,,30
1860,2017-03-20,,30
1861,2017-03-20,,30
1862,2017-03-20,,30
1863,2017-03-21,,87
1864,2017-03-21,,87
1865,2017-03-21,,87
1866,2017-03-21,,87
1867,2017-03-21,,87
1868,2017-03-21,,87
1869,2017-03-21,,87
1870,2017-03-21,,87
1871,2017-03-21,,87
1872,2017-03-21,,30
1873,2017-03-21,,30
1874,2017-03-21,,30
1875,2017-03-21,,30
1876,2017-03-21,,30
1877,2017-03-21,,30
1878,2017-03-21,,30
1879,2017-03-21,,30
1880,2017-03-22,,87
1881,2017-03-22,,87
1882,2017-03-22,,87
1883,2017-03-22,,87
1884,2017-03-22,,87
1885,2017-03-22,,87
1886,2017-03-22,,87
1887,2017-03-22,,87
1888,2017-03-22,,30
1889,2017-03-22,,30
1890,2017-03-22,,30
1891,2017-03-22,,30
1892,2017-03-22,,30
1893,2017-03-22,,30
1894,2017-03-22,,30
1895,2017-03-22,,30
1896,2017-03-23,,87
1897,2017-03-23,,87
1898,2017-03-23,,87
1899,2017-03-23,,87
1900,2017-03-23,,87
1901,2017-03-23,,87
1902,2017-03-23,,87
1903,2017-03-23,,87
1904,2017-03-23,,30
1905,2017-03-23,,30
1906,2017-03-23,,30
1907,2017-03-24,,87
1908,2017-03-24,,87
1909,2017-03-24,,87
1910,2017-03-24,,87
1911,2017-03-24,,87
1912,2017-03-24,,87
1913,2017-03-24,,30
1914,2017-03-24,,30
1915,2017-03-24,,30
1916,2017-03-25,,87
1917,2017-03-25,,87
1918,2017-03-25,,87
1919,2017-03-25,,87
1920,2017-03-25,,87
1921,2017-03-25,,87
1922,2017-03-25,,30
1923,2017-03-25,,30
1924,2017-03-25,,30
1925,2017-03-25,,30
1926,2017-03-25,,30
1927,2017-03-25,,30
1928,2017-03-26,,87
1929,2017-03-26,,87
1930,2017-03-26,,87
1931,2017-03-26,,87
1932,2017-03-26,,87
1933,2017-03-26,,87
1934,2017-03-26,,87
1935,2017-03-26,,87
1936,2017-03-26,,87
1937,2017-03-26,,87
1938,2017-03-26,,87
1939,2017-03-26,,30
1940,2017-03-26,,30
1941,2017-03-26,,30
1942,2017-03-26,,30
1943,2017-03-27,,87
1944,2017-03-27,,87
1945,2017-03-27,,87
1946,2017-03-27,,87
1947,2017-03-27,,87
1948,2017-03-27,,87
1949,2017-03-27,,87
1950,2017-03-27,,87
1951,2017-03-27,,30
1952,2017-03-27,,30
1953,2017-03-27,,30
1954,2017-03-27,,30
1955,2017-03-27,,30
1956,2017-03-27,,30
1957,2017-03-27,,30
1958,2017-03-27,,30
1959,2017-03-27,,30
1960,2017-03-27,,30
1961,2017-03-27,,30
1962,2017-03-28,,87
1963,2017-03-28,,87
1964,2017-03-28,,87
1965,2017-03-28,,87
1966,2017-03-28,,87
1967,2017-03-28,,87
1968,2017-03-28,,87
1969,2017-03-28,,87
1970,2017-03-28,,87
1971,2017-03-28,,30
1972,2017-03-28,,30
1973,2017-03-28,,30
1974,2017-03-28,,30
1975,2017-03-28,,30
1976,2017-03-28,,30
1977,2017-03-29,,87
1978,2017-03-29,,87
1979,2017-03-29,,87
1980,2017-03-29,,87
1981,2017-03-29,,87
1982,2017-03-29,,87
1983,2017-03-29,,87
1984,2017-03-29,,30
1985,2017-03-29,,30
1986,2017-03-29,,30
1987,2017-03-29,,30
1988,2017-03-29,,30
1989,2017-03-29,,30
1990,2017-03-29,,30
1991,2017-03-30,,87
1992,2017-03-30,,87
1993,2017-03-30,,87
1994,2017-03-30,,87
1995,2017-03-30,,30
1996,2017-03-30,,30
1997,2017-03-30,,30
1998,2017-03-30,,30
1999,2017-03-30,,30
2000,2017-03-30,,30
